source_task_key,task_id,occupation_soc_code,occupation_name,occupational_task,source_table,task_type_raw,emerging_category_raw,rating_status,provisional_source,task_update_month,domain_source,importance_mean_1_5,relevance_pct,frequency_mean_category_1_7,rating_recommend_suppress,detailed_work_activities,home_canonical_task_id,canonical_task_name,responsibility_role,population_scope,home_mapping_relation,detailed_mapping_relation,mapping_rationale,secondary_candidate_canonical_task_ids,review_flag,review_decision,reviewer_notes,source_url,onet_release,canonical_inclusion_status,exclusion_reason
21505,21505,13-2011.00,Accountants and Auditors,Prepare detailed reports on audit findings.,Task Statements,Core,,rated,FALSE,11/2020,Analyst - Transition,4.58,95.00,2.421,N,"Prepare financial documents, reports, or budgets.",ACC-02,Conduct and report audit or assurance engagements,primary_output,broad,enabling,communication_component,The detailed audit report is a principal deliverable of an audit or assurance engagement.,,FALSE,Accept,,https://www.onetonline.org/link/details/13-2011.00,30.3,included,
21506,21506,13-2011.00,Accountants and Auditors,"Report to management about asset utilization and audit results, and recommend changes in operations and financial activities.",Task Statements,Core,,rated,FALSE,11/2020,Analyst - Transition,4.55,95.24,2.421,N,Report information to managers or other personnel.; Advise others on business or operational matters.; Advise others on financial matters.,ACC-02,Conduct and report audit or assurance engagements,primary_output,broad,enabling,communication_component,Reporting audit results and recommendations to management communicates the engagement's findings.,,FALSE,Accept,,https://www.onetonline.org/link/details/13-2011.00,30.3,included,
21507,21507,13-2011.00,Accountants and Auditors,"Collect and analyze data to detect deficient controls, duplicated effort, extravagance, fraud, or non-compliance with laws, regulations, and management policies.",Task Statements,Core,,rated,FALSE,11/2020,Analyst - Transition,4.50,100.00,2.850,N,Collect evidence for legal proceedings.; Investigate legal issues.,ACC-02,Conduct and report audit or assurance engagements,primary_output,broad,enabling,constituent_activity,"Collecting and analyzing evidence for control failures, fraud, waste, or noncompliance is substantive assurance work; the legal-investigation DWAs reflect a forensic audit variant.",,FALSE,Accept,,https://www.onetonline.org/link/details/13-2011.00,30.3,included,
21508,21508,13-2011.00,Accountants and Auditors,"Inspect account books and accounting systems for efficiency, effectiveness, and use of accepted accounting procedures to record transactions.",Task Statements,Core,,rated,FALSE,11/2020,Analyst - Transition,4.50,100.00,2.900,N,Examine financial records.,ACC-02,Conduct and report audit or assurance engagements,primary_output,broad,enabling,constituent_activity,"Inspection of books, systems, and accounting procedures produces an evaluation of recordkeeping effectiveness and conformity.",,FALSE,Accept,,https://www.onetonline.org/link/details/13-2011.00,30.3,included,
21509,21509,13-2011.00,Accountants and Auditors,"Supervise auditing of establishments, and determine scope of investigation required.",Task Statements,Core,,rated,FALSE,11/2020,Analyst - Transition,4.50,100.00,3.400,N,Oversee business processes.,ACC-02,Conduct and report audit or assurance engagements,primary_output,broad,enabling,leadership_component,Determining scope and supervising the examination are engagement-lead responsibilities directed at the audit outcome.,,TRUE,Accept,,https://www.onetonline.org/link/details/13-2011.00,30.3,included,
21510,21510,13-2011.00,Accountants and Auditors,Confer with company officials about financial and regulatory matters.,Task Statements,Core,,rated,FALSE,11/2020,Analyst - Transition,4.30,100.00,2.381,N,"Discuss business strategies, practices, or policies with managers.",ACC-02,Conduct and report audit or assurance engagements,primary_output,broad,enabling,communication_component,"Within this audit-heavy source cluster, conferring with officials supplies and communicates financial or regulatory context for the engagement, but the wording can also describe general advisory work.",ACC-03,TRUE,Accept,,https://www.onetonline.org/link/details/13-2011.00,30.3,included,
21511,21511,13-2011.00,Accountants and Auditors,"Examine and evaluate financial and information systems, recommending controls to ensure system reliability and data integrity.",Task Statements,Core,,rated,FALSE,11/2020,Analyst - Transition,4.30,100.00,2.450,N,Examine financial records or processes.; Advise others on financial matters.,ACC-02,Conduct and report audit or assurance engagements,primary_output,broad,enabling,setting_or_subspecialty_variant,"Evaluating systems and recommending reliability and data-integrity controls is an information-systems or controls-assurance variant, not ownership of system implementation.",ACC-01,TRUE,Accept,,https://www.onetonline.org/link/details/13-2011.00,30.3,included,
21512,21512,13-2011.00,Accountants and Auditors,"Inspect cash on hand, notes receivable and payable, negotiable securities, and canceled checks to confirm records are accurate.",Task Statements,Core,,rated,FALSE,11/2020,Analyst - Transition,4.25,100.00,2.300,N,Verify accuracy of records.,ACC-02,Conduct and report audit or assurance engagements,primary_output,broad,enabling,constituent_activity,Physical and documentary inspection verifies recorded balances as audit evidence.,,FALSE,Accept,,https://www.onetonline.org/link/details/13-2011.00,30.3,included,
21513,21513,13-2011.00,Accountants and Auditors,Examine records and interview workers to ensure recording of transactions and compliance with laws and regulations.,Task Statements,Core,,rated,FALSE,11/2020,Analyst - Transition,4.24,100.00,2.762,N,Examine financial records or processes.,ACC-02,Conduct and report audit or assurance engagements,primary_output,broad,enabling,constituent_activity,Record examination and worker interviews support conclusions about transaction recording and legal compliance.,,FALSE,Accept,,https://www.onetonline.org/link/details/13-2011.00,30.3,included,
21514,21514,13-2011.00,Accountants and Auditors,"Prepare, examine, or analyze accounting records, financial statements, or other financial reports to assess accuracy, completeness, and conformance to reporting and procedural standards.",Task Statements,Core,,rated,FALSE,11/2020,Analyst - Transition,4.24,96.39,3.208,N,Examine financial records.; Examine financial records or processes.; Analyze business or financial data.,ACC-01,"Maintain accounting records, systems, and financial reports",primary_output,broad,central,direct_expression,"The statement directly combines preparation, examination, and analysis of accounting records and reports for accurate, complete, standards-conforming reporting.",,FALSE,Accept,,https://www.onetonline.org/link/details/13-2011.00,30.3,included,
21515,21515,13-2011.00,Accountants and Auditors,Prepare adjusting journal entries.,Task Statements,Core,,rated,FALSE,11/2020,Analyst - Transition,4.23,87.30,3.322,N,Analyze financial information.; Prepare financial documents.,ACC-01,"Maintain accounting records, systems, and financial reports",primary_output,broad,enabling,constituent_activity,Adjusting journal entries correct and complete the accounting record before reporting.,,FALSE,Accept,,https://www.onetonline.org/link/details/13-2011.00,30.3,included,
21516,21516,13-2011.00,Accountants and Auditors,Review accounts for discrepancies and reconcile differences.,Task Statements,Core,,rated,FALSE,11/2020,Analyst - Transition,4.23,93.91,3.406,N,Conduct financial or regulatory audits.; Examine financial records.,ACC-01,"Maintain accounting records, systems, and financial reports",primary_output,broad,enabling,constituent_activity,Reconciliation resolves discrepancies so account balances can be maintained accurately; the audit-related DWA makes assurance use plausible as well.,ACC-02,TRUE,Accept,,https://www.onetonline.org/link/details/13-2011.00,30.3,included,
21517,21517,13-2011.00,Accountants and Auditors,Establish tables of accounts and assign entries to proper accounts.,Task Statements,Core,,rated,FALSE,11/2020,Analyst - Transition,4.14,71.41,2.892,N,Prepare financial documents.,ACC-01,"Maintain accounting records, systems, and financial reports",primary_output,broad,enabling,constituent_activity,Creating the chart of accounts and classifying entries establish the structure of the accounting record.,,FALSE,Accept,,https://www.onetonline.org/link/details/13-2011.00,30.3,included,
21518,21518,13-2011.00,Accountants and Auditors,Examine inventory to verify journal and ledger entries.,Task Statements,Core,,rated,FALSE,11/2020,Analyst - Transition,4.14,100.00,1.905,N,Verify accuracy of records.,ACC-02,Conduct and report audit or assurance engagements,primary_output,broad,enabling,constituent_activity,Examining inventory to verify ledger entries is an evidence-verification procedure rather than routine inventory accounting.,,FALSE,Accept,,https://www.onetonline.org/link/details/13-2011.00,30.3,included,
21519,21519,13-2011.00,Accountants and Auditors,"Analyze business operations, trends, costs, revenues, financial commitments, and obligations to project future revenues and expenses or to provide advice.",Task Statements,Core,,rated,FALSE,11/2020,Analyst - Transition,4.03,71.47,3.544,N,Analyze business or financial data.,ACC-03,"Provide financial planning, analysis, and decision support",primary_output,broad,central,direct_expression,"Analysis of operations, trends, costs, revenues, and commitments directly produces forecasts and advice for decisions.",,FALSE,Accept,,https://www.onetonline.org/link/details/13-2011.00,30.3,included,
21520,21520,13-2011.00,Accountants and Auditors,Report to management regarding the finances of establishment.,Task Statements,Core,,rated,FALSE,11/2020,Analyst - Transition,4.03,85.77,3.214,N,Report information to managers or other personnel.,ACC-03,"Provide financial planning, analysis, and decision support",primary_output,broad,enabling,communication_component,Reporting establishment finances to management makes financial information usable for internal decisions; generic financial-statement issuance would instead fall under ACC-01.,ACC-01,TRUE,Accept,,https://www.onetonline.org/link/details/13-2011.00,30.3,included,
21521,21521,13-2011.00,Accountants and Auditors,"Develop, implement, modify, and document recordkeeping and accounting systems, making use of current computer technology.",Task Statements,Core,,rated,FALSE,11/2020,Analyst - Transition,3.99,79.82,3.002,N,Develop business or financial information systems.,ACC-01,"Maintain accounting records, systems, and financial reports",primary_output,broad,enabling,direct_expression,"Developing, modifying, and documenting accounting and recordkeeping systems directly expresses administration of the financial-information operation. Reviewer adjudication places this work within the financial-record and reporting outcome rather than a separate canonical task.",,FALSE,Accept,,https://www.onetonline.org/link/details/13-2011.00,30.3,included,
21522,21522,13-2011.00,Accountants and Auditors,"Evaluate taxpayer finances to determine tax liability, using knowledge of interest and discount rates, annuities, valuation of stocks and bonds, and amortization valuation of depletable assets.",Task Statements,Core,,rated,FALSE,11/2020,Analyst - Transition,3.82,80.95,2.412,N,Assess financial status of clients.,ACC-04,Determine and document tax liabilities and filings,primary_output,occupation_variant,enabling,constituent_activity,Evaluation of taxpayer finances and valuation inputs establishes the basis and amount of tax liability.,,FALSE,Accept,,https://www.onetonline.org/link/details/13-2011.00,30.3,included,
21523,21523,13-2011.00,Accountants and Auditors,"Examine whether the organization's objectives are reflected in its management activities, and whether employees understand the objectives.",Task Statements,Core,,rated,FALSE,11/2020,Analyst - Transition,3.69,80.00,2.438,N,Evaluate effectiveness of personnel policies or practices.,ACC-02,Conduct and report audit or assurance engagements,primary_output,broad,enabling,setting_or_subspecialty_variant,"Testing whether management activity and employee understanding align with organizational objectives is an operational or performance-audit variant, although its DWA also resembles organizational consulting.",ACC-03,TRUE,Accept,,https://www.onetonline.org/link/details/13-2011.00,30.3,included,
21524,21524,13-2011.00,Accountants and Auditors,"Audit payroll and personnel records to determine unemployment insurance premiums, workers' compensation coverage, liabilities, and compliance with tax laws.",Task Statements,Core,,rated,FALSE,11/2020,Analyst - Transition,3.47,75.00,2.134,N,Examine financial records.,ACC-02,Conduct and report audit or assurance engagements,primary_output,broad,enabling,setting_or_subspecialty_variant,The explicit audit of payroll and personnel records produces an assurance and compliance determination; tax and insurance subject matter do not change that responsibility.,ACC-04,TRUE,Accept,,https://www.onetonline.org/link/details/13-2011.00,30.3,included,
21525,21525,13-2011.00,Accountants and Auditors,"Review taxpayer accounts, and conduct audits on-site, by correspondence, or by summoning taxpayer to office.",Task Statements,Supplemental,,rated,FALSE,11/2020,Analyst - Transition,4.22,42.86,2.111,N,Verify accuracy of financial information.,ACC-02,Conduct and report audit or assurance engagements,primary_output,broad,enabling,setting_or_subspecialty_variant,Authority-side examination of taxpayer accounts is assigned to audit and assurance because the stated occupational outcome is an audit finding; tax subject matter remains a structured secondary link to ACC-04.,ACC-04,TRUE,Accept,,https://www.onetonline.org/link/details/13-2011.00,30.3,included,
21526,21526,13-2011.00,Accountants and Auditors,"Compute taxes owed and prepare tax returns, ensuring compliance with payment, reporting, or other tax requirements.",Task Statements,Supplemental,,rated,FALSE,11/2020,Analyst - Transition,4.14,53.33,2.295,N,"Calculate tax information.; Prepare financial documents, reports, or budgets.",ACC-04,Determine and document tax liabilities and filings,primary_output,occupation_variant,central,direct_expression,Computing tax owed and preparing a compliant return directly expresses the tax-accounting outcome.,,FALSE,Accept,,https://www.onetonline.org/link/details/13-2011.00,30.3,included,
21527,21527,13-2011.00,Accountants and Auditors,"Advise clients in areas such as compensation, employee health care benefits, the design of accounting or data processing systems, or long-range tax or estate plans.",Task Statements,Supplemental,,rated,FALSE,11/2020,Analyst - Transition,4.11,28.77,1.848,N,Advise others on human resources topics.,ACC-03,"Provide financial planning, analysis, and decision support",primary_output,broad,enabling,setting_or_subspecialty_variant,"The statement's common outcome is client advice for long-range organizational or financial choices, but it combines compensation, benefits, systems, tax, and estate domains that cannot be split under one-to-one mapping.",ACC-01; ACC-04,TRUE,Accept,,https://www.onetonline.org/link/details/13-2011.00,30.3,included,
21529,21529,13-2011.00,Accountants and Auditors,"Direct activities of personnel engaged in filing, recording, compiling, and transmitting financial records.",Task Statements,Supplemental,,rated,FALSE,11/2020,Analyst - Transition,3.80,50.00,2.900,N,Coordinate regulatory documentation activities.,ACC-01,"Maintain accounting records, systems, and financial reports",primary_output,broad,enabling,leadership_component,"Directing staff who file, record, compile, and transmit financial records administers the recordkeeping operation; it may also evidence a broader formal-management responsibility not otherwise represented. Reviewer adjudication places this work within the financial-record and reporting outcome rather than a separate canonical task.",,TRUE,Accept,,https://www.onetonline.org/link/details/13-2011.00,30.3,included,
21530,21530,13-2011.00,Accountants and Auditors,Conduct pre-implementation audits to determine if systems and programs under development will work as planned.,Task Statements,Supplemental,,rated,FALSE,11/2020,Analyst - Transition,3.69,65.00,1.923,N,Examine financial records or processes.,ACC-02,Conduct and report audit or assurance engagements,primary_output,broad,enabling,setting_or_subspecialty_variant,"A pre-implementation audit evaluates whether a system or program will operate as planned, a prospective systems-assurance setting.",,FALSE,Accept,,https://www.onetonline.org/link/details/13-2011.00,30.3,included,
21531,21531,13-2011.00,Accountants and Auditors,"Develop, maintain, or analyze budgets, preparing periodic reports that compare budgeted costs to actual costs.",Task Statements,,,established_unrated,FALSE,11/2020,Analyst,,,,N,Analyze budgetary or accounting data.; Prepare operational budgets.,ACC-03,"Provide financial planning, analysis, and decision support",primary_output,broad,central,direct_expression,Budget development and budget-to-actual analysis provide plans and variance information for management decisions.,,FALSE,Accept,,https://www.onetonline.org/link/details/13-2011.00,30.3,included,
21532,21532,13-2011.00,Accountants and Auditors,"Prepare, analyze, or verify annual reports, financial statements, and other records, using accepted accounting and statistical procedures to assess financial condition and facilitate financial planning.",Task Statements,,,established_unrated,FALSE,11/2020,Analyst,,,,N,"Verify accuracy of financial information.; Prepare financial documents, reports, or budgets.",ACC-01,"Maintain accounting records, systems, and financial reports",primary_output,broad,enabling,near_duplicate,"Preparation, analysis, and verification of annual reports and statements substantially overlaps task 21514 while adding financial-condition and planning language.",,FALSE,Accept,,https://www.onetonline.org/link/details/13-2011.00,30.3,included,
21533,21533,13-2011.00,Accountants and Auditors,Process invoices for payment.,Task Statements,,,established_unrated,FALSE,11/2020,Analyst,,,,N,"Pay charges, fees, or taxes.",ACC-01,"Maintain accounting records, systems, and financial reports",primary_output,broad,enabling,constituent_activity,"Invoice processing is a transaction-level input to accounts payable and the accounting record, although in many settings it is performed by clerical accounting staff.",,TRUE,Accept,,https://www.onetonline.org/link/details/13-2011.00,30.3,included,
21534,21534,13-2011.00,Accountants and Auditors,"Review data about material assets, net worth, liabilities, capital stock, surplus, income, or expenditures.",Task Statements,,,established_unrated,FALSE,11/2020,Analyst,,,,N,Examine financial records.,ACC-01,"Maintain accounting records, systems, and financial reports",primary_output,broad,enabling,enabling_activity,"Reviewing assets, liabilities, equity, income, and expenditure data supports accurate period-end records and statements, but the same data can also support management analysis.",ACC-03,TRUE,Accept,,https://www.onetonline.org/link/details/13-2011.00,30.3,included,
21661,21661,15-1252.00,Software Developers,"Analyze information to determine, recommend, and plan installation of a new system or modification of an existing system.",Task Statements,Core,,rated,FALSE,08/2025,Incumbent,3.61,94.99,3.538,N,Analyze project data to determine specifications or requirements.,SWD-01,Deliver and sustain a software system or change,primary_output,broad,enabling,constituent_activity,System-installation or modification planning defines the intended software change and its implementation constraints.,,FALSE,Accept,,https://www.onetonline.org/link/details/15-1252.00,30.3,included,
21662,21662,15-1252.00,Software Developers,Analyze user needs and software requirements to determine feasibility of design within time and cost constraints.,Task Statements,Core,,rated,FALSE,08/2025,Incumbent,4.08,89.73,4.112,N,Analyze project data to determine specifications or requirements.,SWD-01,Deliver and sustain a software system or change,primary_output,broad,enabling,constituent_activity,"Analysis of user needs, requirements, feasibility, time, and cost defines what software can be delivered.",,FALSE,Accept,,https://www.onetonline.org/link/details/15-1252.00,30.3,included,
21663,21663,15-1252.00,Software Developers,Confer with data processing or project managers to obtain information on limitations or capabilities for data processing projects.,Task Statements,Core,,rated,FALSE,08/2025,Incumbent,3.32,81.30,3.558,N,Collaborate with others to resolve information technology issues.,SWD-01,Deliver and sustain a software system or change,primary_output,broad,enabling,communication_component,Obtaining limitations and capability information from managers resolves constraints on the software project.,,FALSE,Accept,,https://www.onetonline.org/link/details/15-1252.00,30.3,included,
21664,21664,15-1252.00,Software Developers,"Confer with systems analysts, engineers, programmers and others to design systems and to obtain information on project limitations and capabilities, performance requirements and interfaces.",Task Statements,Core,,rated,FALSE,08/2025,Incumbent,3.75,93.06,4.312,N,Collaborate with others to determine design specifications or details.,SWD-01,Deliver and sustain a software system or change,primary_output,broad,enabling,communication_component,"Technical collaboration establishes design specifications, interfaces, performance requirements, and feasible system boundaries.",,FALSE,Accept,,https://www.onetonline.org/link/details/15-1252.00,30.3,included,
21665,21665,15-1252.00,Software Developers,"Consult with customers or other departments on project status, proposals, or technical issues, such as software system design or maintenance.",Task Statements,Core,,rated,FALSE,08/2025,Incumbent,3.37,91.30,3.650,N,Provide technical support for software maintenance or use.,SWD-01,Deliver and sustain a software system or change,primary_output,broad,enabling,communication_component,"The DWA frames this as technical support for software maintenance or use, fitting operational adoption and support, but the task wording also covers proposals, status, and design issues during development. Reviewer adjudication treats deployment, operation, and user enablement as part of end-to-end software delivery.",,TRUE,Accept,,https://www.onetonline.org/link/details/15-1252.00,30.3,included,
21666,21666,15-1252.00,Software Developers,Coordinate installation of software system.,Task Statements,Supplemental,,rated,FALSE,08/2025,Incumbent,3.75,57.23,3.403,N,Coordinate software or hardware installation.,SWD-01,Deliver and sustain a software system or change,primary_output,broad,central,direct_expression,"Coordinating installation directly concerns putting the software system into operational use. Reviewer adjudication treats deployment, operation, and user enablement as part of end-to-end software delivery.",,FALSE,Accept,,https://www.onetonline.org/link/details/15-1252.00,30.3,included,
21667,21667,15-1252.00,Software Developers,"Design, develop and modify software systems, using scientific analysis and mathematical models to predict and measure outcomes and consequences of design.",Task Statements,Core,,rated,FALSE,08/2025,Incumbent,3.56,68.24,3.997,N,Apply mathematical principles or statistical approaches to solve problems in scientific or applied fields.; Modify software programs to improve performance.; Design software applications.,SWD-01,Deliver and sustain a software system or change,primary_output,broad,central,direct_expression,"Designing, developing, and modifying software systems directly expresses delivery of a software artifact; scientific analysis and modeling are domain techniques within that outcome.",,FALSE,Accept,,https://www.onetonline.org/link/details/15-1252.00,30.3,included,
21668,21668,15-1252.00,Software Developers,Determine system performance standards.,Task Statements,Core,,rated,FALSE,08/2025,Incumbent,3.53,89.38,3.825,N,Develop performance metrics or standards related to information technology.,SWD-01,Deliver and sustain a software system or change,primary_output,broad,enabling,constituent_activity,Performance standards define acceptance constraints for the delivered system or change.,,FALSE,Accept,,https://www.onetonline.org/link/details/15-1252.00,30.3,included,
21669,21669,15-1252.00,Software Developers,"Develop or direct software system testing or validation procedures, programming, or documentation.",Task Statements,Core,,rated,FALSE,08/2025,Incumbent,3.90,92.31,4.183,N,Develop testing routines or procedures.; Manage information technology projects or system activities.,SWD-01,Deliver and sustain a software system or change,primary_output,broad,enabling,constituent_activity,"Programming, testing, validation, and documentation are linked elements of producing an acceptable software system; directing those activities does not by itself imply formal personnel management.",,FALSE,Accept,,https://www.onetonline.org/link/details/15-1252.00,30.3,included,
21670,21670,15-1252.00,Software Developers,"Modify existing software to correct errors, adapt it to new hardware, or upgrade interfaces and improve performance.",Task Statements,Core,,rated,FALSE,08/2025,Incumbent,3.74,89.95,4.518,N,Modify software programs to improve performance.,SWD-01,Deliver and sustain a software system or change,primary_output,broad,central,direct_expression,"Correcting errors, adapting to hardware, upgrading interfaces, and improving performance all produce a modified software artifact.",,FALSE,Accept,,https://www.onetonline.org/link/details/15-1252.00,30.3,included,
21671,21671,15-1252.00,Software Developers,Monitor functioning of equipment to ensure system operates in conformance with specifications.,Task Statements,Supplemental,,rated,FALSE,08/2025,Incumbent,4.12,48.33,4.513,N,Monitor computer system performance to ensure proper operation.,SWD-01,Deliver and sustain a software system or change,primary_output,broad,central,direct_expression,"Monitoring the running equipment or system for conformance is operational stewardship of a deployed implementation. Reviewer adjudication treats deployment, operation, and user enablement as part of end-to-end software delivery.",,FALSE,Accept,,https://www.onetonline.org/link/details/15-1252.00,30.3,included,
21672,21672,15-1252.00,Software Developers,"Obtain and evaluate information on factors such as reporting formats required, costs, or security needs to determine hardware configuration.",Task Statements,Supplemental,,rated,FALSE,08/2025,Incumbent,3.07,63.08,2.920,N,Analyze project data to determine specifications or requirements.,SWD-01,Deliver and sustain a software system or change,primary_output,broad,enabling,constituent_activity,"Determining hardware configuration from reporting, cost, and security needs establishes a technical constraint on system design, though it can also belong to systems-architecture or infrastructure roles.",,TRUE,Accept,,https://www.onetonline.org/link/details/15-1252.00,30.3,included,
21673,21673,15-1252.00,Software Developers,"Prepare reports or correspondence concerning project specifications, activities, or status.",Task Statements,Core,,rated,FALSE,08/2025,Incumbent,3.68,72.84,3.728,Y,Communicate project information to others.,SWD-01,Deliver and sustain a software system or change,primary_output,broad,enabling,communication_component,"Reports and correspondence about specifications, activities, and status coordinate acceptance and progress of the software-delivery responsibility rather than constituting a separate occupational product.",,FALSE,Accept,,https://www.onetonline.org/link/details/15-1252.00,30.3,included,
21676,21676,15-1252.00,Software Developers,"Store, retrieve, and manipulate data for analysis of system capabilities and requirements.",Task Statements,Core,,rated,FALSE,08/2025,Incumbent,3.59,82.48,4.299,N,Assess database performance.; Prepare data for analysis.,SWD-01,Deliver and sustain a software system or change,primary_output,broad,enabling,enabling_activity,"Data storage, retrieval, and manipulation supply evidence about system capabilities and requirements, but the database-performance DWA also suggests a possible data or database specialization.",,TRUE,Accept,,https://www.onetonline.org/link/details/15-1252.00,30.3,included,
21677,21677,15-1252.00,Software Developers,"Supervise and assign work to programmers, designers, technologists, technicians, or other engineering or scientific personnel.",Task Statements,Supplemental,,rated,FALSE,08/2025,Incumbent,3.13,56.54,3.576,N,Assign duties or work schedules to employees.; Supervise information technology personnel.,,,,,,excluded_noncanonical_source,"Retained for provenance but excluded from canonical developer analysis because formal personnel supervision is a managerial-role variant, not the software-delivery outcome selected by the reviewer.",,FALSE,Accept,,https://www.onetonline.org/link/details/15-1252.00,30.3,excluded,managerial_role_variant
21678,21678,15-1252.00,Software Developers,"Supervise the work of programmers, technologists and technicians and other engineering and scientific personnel.",Task Statements,Supplemental,,rated,FALSE,08/2025,Incumbent,3.51,62.56,4.143,N,Supervise information technology personnel.,,,,,,excluded_noncanonical_source,"Retained for provenance but excluded from canonical developer analysis because formal personnel supervision is a managerial-role variant, not the software-delivery outcome selected by the reviewer.",,FALSE,Accept,,https://www.onetonline.org/link/details/15-1252.00,30.3,excluded,managerial_role_variant
21679,21679,15-1252.00,Software Developers,Train users to use new or modified equipment.,Task Statements,Supplemental,,rated,FALSE,08/2025,Incumbent,2.91,51.92,3.042,N,Teach others to use computer equipment or hardware.,SWD-01,Deliver and sustain a software system or change,primary_output,broad,enabling,constituent_activity,"Training users supports adoption of the new or modified implementation, although the reference to equipment and the training modality may place it outside some developer roles. Reviewer adjudication treats deployment, operation, and user enablement as part of end-to-end software delivery.",,TRUE,Accept,,https://www.onetonline.org/link/details/15-1252.00,30.3,included,
17231,17231,29-1224.00,Radiologists,Participate in quality improvement activities including discussions of areas where risk of error is high.,Task Statements,Core,,rated,FALSE,08/2023,Incumbent,4.14,88.48,3.469,N,Develop healthcare quality and safety procedures.,,,,,,excluded_noncanonical_source,Retained for provenance but excluded from canonical radiology analysis because the reviewer removed the standalone governance and professional-support task; this statement does not itself produce one of the three selected clinical outcomes.,,FALSE,Accept,,https://www.onetonline.org/link/details/29-1224.00,30.3,excluded,system_level_quality_or_governance
17234,17234,29-1224.00,Radiologists,Participate in continuing education activities to maintain and develop expertise.,Task Statements,Core,,rated,FALSE,08/2023,Incumbent,4.25,98.41,3.111,N,Maintain medical or professional knowledge.,,,,,,excluded_noncanonical_source,Retained for provenance but excluded from canonical radiology analysis because the reviewer removed the standalone governance and professional-support task; this statement does not itself produce one of the three selected clinical outcomes.,,FALSE,Accept,,https://www.onetonline.org/link/details/29-1224.00,30.3,excluded,professional_development_or_teaching
17235,17235,29-1224.00,Radiologists,Develop treatment plans for radiology patients.,Task Statements,Supplemental,,rated,FALSE,08/2023,Incumbent,4.28,61.59,4.549,N,Develop medical treatment plans.,RAD-02,Plan and perform image-guided procedures and manage procedural care,primary_output,occupation_variant,enabling,cross_boundary_best_fit,"Developing treatment plans is distinct from routine image-based diagnosis and most naturally supports interventional or procedural radiologic care, but the generic wording can also include therapeutic nuclear medicine.",RAD-03,TRUE,Accept,,https://www.onetonline.org/link/details/29-1224.00,30.3,included,
17236,17236,29-1224.00,Radiologists,Establish or enforce standards for protection of patients or personnel.,Task Statements,Core,,rated,FALSE,08/2023,Incumbent,4.46,84.98,3.723,N,Verify that medical activities or operations meet standards.; Determine protocols for medical procedures.,,,,,,excluded_noncanonical_source,Retained for provenance but excluded from canonical radiology analysis because the reviewer removed the standalone governance and professional-support task; this statement does not itself produce one of the three selected clinical outcomes.,,FALSE,Accept,,https://www.onetonline.org/link/details/29-1224.00,30.3,excluded,system_level_quality_or_governance
17239,17239,29-1224.00,Radiologists,Review or transmit images and information using picture archiving or communications systems.,Task Statements,Core,,rated,FALSE,08/2023,Incumbent,4.84,97.05,6.583,N,"Analyze test data or images to inform diagnosis or treatment.; Send information, materials or documentation.",RAD-01,Evaluate patients through diagnostic imaging and communicate findings,primary_output,broad,enabling,enabling_component,Reviewing and transmitting images through PACS enables interpretation and delivery of the diagnostic assessment.,,FALSE,Accept,,https://www.onetonline.org/link/details/29-1224.00,30.3,included,
17241,17241,29-1224.00,Radiologists,"Recognize or treat complications during and after procedures, including blood pressure problems, pain, oversedation, or bleeding.",Task Statements,Core,,rated,FALSE,08/2023,Incumbent,4.77,80.06,3.474,N,Monitor patients following surgeries or other treatments.,RAD-02,Plan and perform image-guided procedures and manage procedural care,primary_output,occupation_variant,central,direct_component,Recognizing and treating peri-procedural complications is part of physician responsibility for completing invasive radiologic procedures safely.,,FALSE,Accept,,https://www.onetonline.org/link/details/29-1224.00,30.3,included,
17242,17242,29-1224.00,Radiologists,Prepare comprehensive interpretive reports of findings.,Task Statements,Core,,rated,FALSE,08/2023,Incumbent,4.98,86.65,6.776,N,Prepare reports summarizing patient diagnostic or care activities.,RAD-01,Evaluate patients through diagnostic imaging and communicate findings,primary_output,broad,central,direct_component,The comprehensive interpretive report is the principal documented form of the clinically usable diagnostic assessment.,,FALSE,Accept,,https://www.onetonline.org/link/details/29-1224.00,30.3,included,
17243,17243,29-1224.00,Radiologists,"Obtain patients' histories from electronic records, patient interviews, dictated reports, or by communicating with referring clinicians.",Task Statements,Core,,rated,FALSE,08/2023,Incumbent,4.84,99.42,6.592,N,"Gather medical information from patient histories.; Collect medical information from patients, family members, or other medical professionals.",RAD-01,Evaluate patients through diagnostic imaging and communicate findings,primary_output,broad,enabling,enabling_component,Patient history and referral context are integral to producing an appropriately contextualized image-based assessment.,,FALSE,Accept,,https://www.onetonline.org/link/details/29-1224.00,30.3,included,
17245,17245,29-1224.00,Radiologists,Confer with medical professionals regarding image-based diagnoses.,Task Statements,Core,,rated,FALSE,08/2023,Incumbent,4.79,99.16,5.595,N,Inform medical professionals regarding patient conditions and care.,RAD-01,Evaluate patients through diagnostic imaging and communicate findings,primary_output,broad,central,direct_component,Consulting medical professionals about an image-based diagnosis communicates and clinically resolves the diagnostic outcome.,,FALSE,Accept,,https://www.onetonline.org/link/details/29-1224.00,30.3,included,
17246,17246,29-1224.00,Radiologists,"Instruct radiologic staff in desired techniques, positions, or projections.",Task Statements,Core,,rated,FALSE,08/2023,Incumbent,4.42,94.69,4.979,N,Train medical providers.,RAD-01,Evaluate patients through diagnostic imaging and communicate findings,primary_output,broad,enabling,enabling_component,"Case-specific direction on technique, positioning, and projections helps produce imaging adequate for the requested diagnostic assessment.",,FALSE,Accept,,https://www.onetonline.org/link/details/29-1224.00,30.3,included,
17248,17248,29-1224.00,Radiologists,"Document the performance, interpretation, or outcomes of all procedures performed.",Task Statements,Core,,rated,FALSE,08/2023,Incumbent,4.87,89.13,6.014,N,Record patient medical histories.,RAD-02,Plan and perform image-guided procedures and manage procedural care,primary_output,occupation_variant,enabling,cross_boundary_best_fit,"Documenting the performance and outcome of procedures is integral to procedural care, but 'all procedures performed' can encompass non-interventional and nuclear medicine procedures as well.",RAD-01; RAD-03,TRUE,Accept,,https://www.onetonline.org/link/details/29-1224.00,30.3,included,
17249,17249,29-1224.00,Radiologists,Develop or monitor procedures to ensure adequate quality control of images.,Task Statements,Core,,rated,FALSE,08/2023,Incumbent,4.60,94.85,5.502,N,Develop healthcare quality and safety procedures.,RAD-01,Evaluate patients through diagnostic imaging and communicate findings,primary_output,broad,enabling,embedded_supporting_activity,Image quality-control procedures enable diagnostically adequate imaging and are embedded in RAD-01 rather than retained as a separate governance task.,,FALSE,Accept,,https://www.onetonline.org/link/details/29-1224.00,30.3,included,
17250,17250,29-1224.00,Radiologists,Coordinate radiological services with other medical activities.,Task Statements,Core,,rated,FALSE,08/2023,Incumbent,4.44,80.95,5.051,N,Collaborate with healthcare professionals to plan or provide treatment.,RAD-01,Evaluate patients through diagnostic imaging and communicate findings,primary_output,broad,enabling,embedded_supporting_activity,Coordination with other medical activities supports the diagnostic-imaging assessment and communication outcome; mapped to RAD-01 after removal of the standalone governance task.,,TRUE,Accept,,https://www.onetonline.org/link/details/29-1224.00,30.3,included,
17251,17251,29-1224.00,Radiologists,"Provide counseling to radiologic patients to explain the processes, risks, benefits, or alternative treatments.",Task Statements,Core,,rated,FALSE,08/2023,Incumbent,4.51,83.23,4.797,N,Explain medical procedures or test results to patients or family members.,RAD-02,Plan and perform image-guided procedures and manage procedural care,primary_output,occupation_variant,enabling,cross_boundary_best_fit,"Explaining process, risks, benefits, alternatives, and treatments is most characteristic of informed procedural care, but the generic wording can include diagnostic or nuclear medicine encounters.",RAD-01; RAD-03,TRUE,Accept,,https://www.onetonline.org/link/details/29-1224.00,30.3,included,
17252,17252,29-1224.00,Radiologists,"Communicate examination results or diagnostic information to referring physicians, patients, or families.",Task Statements,Core,,rated,FALSE,08/2023,Incumbent,4.85,94.95,5.915,N,Communicate detailed medical information to patients or family members.; Communicate test or assessment results to medical professionals.,RAD-01,Evaluate patients through diagnostic imaging and communicate findings,primary_output,broad,central,direct_component,Communicating examination results or diagnostic information delivers the image-based assessment to those who use it.,,FALSE,Accept,,https://www.onetonline.org/link/details/29-1224.00,30.3,included,
17253,17253,29-1224.00,Radiologists,"Perform interventional procedures such as image-guided biopsy, percutaneous transluminal angioplasty, transhepatic biliary drainage, or nephrostomy catheter placement.",Task Statements,Supplemental,,rated,FALSE,08/2023,Incumbent,4.72,65.64,4.615,N,Operate on patients to treat conditions.,RAD-02,Plan and perform image-guided procedures and manage procedural care,primary_output,occupation_variant,central,specialty_component,"The listed biopsies, angioplasty, drainage, and catheter placements directly instantiate the image-guided interventional outcome.",,FALSE,Accept,,https://www.onetonline.org/link/details/29-1224.00,30.3,included,
17254,17254,29-1224.00,Radiologists,"Perform or interpret the outcomes of diagnostic imaging procedures including magnetic resonance imaging (MRI), computer tomography (CT), positron emission tomography (PET), nuclear cardiology treadmill studies, mammography, or ultrasound.",Task Statements,Core,,rated,FALSE,08/2023,Incumbent,4.92,96.34,6.701,N,Analyze test data or images to inform diagnosis or treatment.; Operate diagnostic imaging equipment.,RAD-01,Evaluate patients through diagnostic imaging and communicate findings,primary_output,broad,central,direct_component,"Performing or interpreting diagnostic imaging across MRI, CT, PET, nuclear cardiology, mammography, and ultrasound directly produces the general diagnostic-imaging outcome.",,FALSE,Accept,,https://www.onetonline.org/link/details/29-1224.00,30.3,included,
22732,22732,29-1224.00,Radiologists,Administer radioisotopes to clinical patients or research subjects.,Task Statements,,,established_unrated,FALSE,11/2020,Analyst,,,,N,Administer medical substances for imaging or other procedures.,RAD-03,Plan and deliver nuclear medicine diagnosis or therapy,primary_output,occupation_variant,central,specialty_component,Administering radioisotopes is a direct nuclear medicine diagnostic or therapeutic responsibility.,,FALSE,Accept,,https://www.onetonline.org/link/details/29-1224.00,30.3,included,
22733,22733,29-1224.00,Radiologists,"Advise other physicians of the clinical indications, limitations, assessments, or risks of diagnostic and therapeutic applications of radioactive materials.",Task Statements,,,established_unrated,FALSE,11/2020,Analyst,,,,N,Advise medical personnel regarding healthcare issues.,RAD-03,Plan and deliver nuclear medicine diagnosis or therapy,primary_output,occupation_variant,central,specialty_component,"Advice about the indications, limitations, assessment, and risks of radioactive-material applications is nuclear-medicine-specific clinical consultation.",,FALSE,Accept,,https://www.onetonline.org/link/details/29-1224.00,30.3,included,
22734,22734,29-1224.00,Radiologists,"Calculate, measure, or prepare radioisotope dosages.",Task Statements,,,established_unrated,FALSE,11/2020,Analyst,,,,N,Calculate numerical data for medical activities.; Prepare medications or medical solutions.,RAD-03,Plan and deliver nuclear medicine diagnosis or therapy,primary_output,occupation_variant,central,specialty_component,"Calculating, measuring, or preparing radioisotope dosages directly supports patient-specific nuclear medicine delivery.",,FALSE,Accept,,https://www.onetonline.org/link/details/29-1224.00,30.3,included,
22735,22735,29-1224.00,Radiologists,Check and approve the quality of diagnostic images before patients are discharged.,Task Statements,,,established_unrated,FALSE,11/2020,Analyst,,,,N,Check quality of diagnostic images.,RAD-01,Evaluate patients through diagnostic imaging and communicate findings,primary_output,broad,enabling,enabling_component,"Checking image quality before discharge is a patient-case quality gate that ensures the examination is adequate for diagnosis, rather than a system-level quality-control program.",,FALSE,Accept,,https://www.onetonline.org/link/details/29-1224.00,30.3,included,
22736,22736,29-1224.00,Radiologists,"Compare nuclear medicine procedures with other types of procedures, such as computed tomography, ultrasonography, nuclear magnetic resonance imaging, and angiography.",Task Statements,,,established_unrated,FALSE,11/2020,Analyst,,,,N,Evaluate treatment options to guide medical decisions.,RAD-03,Plan and deliver nuclear medicine diagnosis or therapy,primary_output,occupation_variant,central,specialty_component,Comparing a nuclear medicine procedure with other modalities determines whether the nuclear application is appropriate for the clinical need.,,FALSE,Accept,,https://www.onetonline.org/link/details/29-1224.00,30.3,included,
22737,22737,29-1224.00,Radiologists,"Direct nuclear medicine technologists or technicians regarding desired dosages, techniques, positions, and projections.",Task Statements,,,established_unrated,FALSE,11/2020,Analyst,,,,N,Supervise patient care personnel.,RAD-03,Plan and deliver nuclear medicine diagnosis or therapy,primary_output,occupation_variant,central,specialty_component,Directing technologists on dosage and imaging technique is case-specific physician direction within nuclear medicine delivery.,,FALSE,Accept,,https://www.onetonline.org/link/details/29-1224.00,30.3,included,
22738,22738,29-1224.00,Radiologists,Establish and enforce radiation protection standards for patients and staff.,Task Statements,,,established_unrated,FALSE,11/2020,Analyst,,,,N,Verify that medical activities or operations meet standards.; Determine protocols for medical procedures.,,,,,,excluded_noncanonical_source,Retained for provenance but excluded from canonical radiology analysis because the reviewer removed the standalone governance and professional-support task; this statement does not itself produce one of the three selected clinical outcomes.,,FALSE,Accept,,https://www.onetonline.org/link/details/29-1224.00,30.3,excluded,system_level_quality_or_governance
22739,22739,29-1224.00,Radiologists,Formulate plans and procedures for nuclear medicine departments.,Task Statements,,,established_unrated,FALSE,11/2020,Analyst,,,,N,Manage healthcare operations.,,,,,,excluded_noncanonical_source,Retained for provenance but excluded from canonical radiology analysis because the reviewer removed the standalone governance and professional-support task; this statement does not itself produce one of the three selected clinical outcomes.,,FALSE,Accept,,https://www.onetonline.org/link/details/29-1224.00,30.3,excluded,system_level_quality_or_governance
22740,22740,29-1224.00,Radiologists,Monitor handling of radioactive materials to ensure that established procedures are followed.,Task Statements,,,established_unrated,FALSE,11/2020,Analyst,,,,N,Monitor the handling of hazardous materials or medical wastes.,RAD-03,Plan and deliver nuclear medicine diagnosis or therapy,primary_output,occupation_variant,enabling,embedded_supporting_activity,Safe handling of radioactive materials is an enabling part of delivering nuclear-medicine diagnosis or therapy.,,FALSE,Accept,,https://www.onetonline.org/link/details/29-1224.00,30.3,included,
22741,22741,29-1224.00,Radiologists,Prescribe radionuclides and dosages to be administered to individual patients.,Task Statements,,,established_unrated,FALSE,11/2020,Analyst,,,,N,Prescribe medications.,RAD-03,Plan and deliver nuclear medicine diagnosis or therapy,primary_output,occupation_variant,central,specialty_component,Prescribing a radionuclide and patient-specific dosage is a defining physician responsibility in nuclear medicine diagnosis or therapy.,,FALSE,Accept,,https://www.onetonline.org/link/details/29-1224.00,30.3,included,
22742,22742,29-1224.00,Radiologists,Review procedure requests and patients' medical histories to determine applicability of procedures and radioisotopes to be used.,Task Statements,,,established_unrated,FALSE,11/2020,Analyst,,,,N,Verify accuracy of patient information.,RAD-03,Plan and deliver nuclear medicine diagnosis or therapy,primary_output,occupation_variant,central,specialty_component,Reviewing requests and histories to determine procedural and radioisotope applicability establishes the patient-specific nuclear medicine plan.,,FALSE,Accept,,https://www.onetonline.org/link/details/29-1224.00,30.3,included,
22743,22743,29-1224.00,Radiologists,"Teach nuclear medicine, diagnostic radiology, or other specialties at graduate educational level.",Task Statements,,,established_unrated,FALSE,11/2020,Analyst,,,,N,Train medical providers.,,,,,,excluded_noncanonical_source,Retained for provenance but excluded from canonical radiology analysis because the reviewer removed the standalone governance and professional-support task; this statement does not itself produce one of the three selected clinical outcomes.,,FALSE,Accept,,https://www.onetonline.org/link/details/29-1224.00,30.3,excluded,professional_development_or_teaching
22744,22744,29-1224.00,Radiologists,Test dosage evaluation instruments and survey meters to ensure they are operating properly.,Task Statements,,,established_unrated,FALSE,11/2020,Analyst,,,,N,Examine medical instruments or equipment to ensure proper operation.,RAD-03,Plan and deliver nuclear medicine diagnosis or therapy,primary_output,occupation_variant,enabling,embedded_supporting_activity,"Testing dosage and survey instruments enables safe, reliable nuclear-medicine service delivery.",,FALSE,Accept,,https://www.onetonline.org/link/details/29-1224.00,30.3,included,
23430,23430,47-2031.00,Carpenters,Follow established safety rules and regulations and maintain a safe and clean environment.,Task Statements,Core,,rated,FALSE,08/2022,Incumbent,4.67,100.00,5.810,N,Clean work sites.,CAN-47-2031-02,"Construct, install, and restore permanent components",primary_output,broad,enabling,supporting_component,"The task directly maintains the safe, compliant, and orderly worksite that this supporting bundle is defined to produce. It is retained within the broad construct/install/repair responsibility under the stricter outcome-based split rule.",,FALSE,Accept,,https://www.onetonline.org/link/details/47-2031.00,30.3,included,
23431,23431,47-2031.00,Carpenters,"Study specifications in blueprints, sketches, or building plans to prepare project layout and determine dimensions and materials required.",Task Statements,Core,,rated,FALSE,08/2022,Incumbent,4.36,88.24,5.135,N,Review blueprints or specifications to determine work requirements.,CAN-47-2031-01,Plan and coordinate project work,enabling_support,broad,central,core_component,"Reading specifications and converting them into layout, dimension, and material requirements is the central planning activity.",,FALSE,Accept,,https://www.onetonline.org/link/details/47-2031.00,30.3,included,
23432,23432,47-2031.00,Carpenters,"Measure and mark cutting lines on materials, using a ruler, pencil, chalk, and marking gauge.",Task Statements,Core,,rated,FALSE,08/2022,Incumbent,4.62,90.79,5.761,N,Measure materials or objects for installation or assembly.; Mark reference points on construction materials.,CAN-47-2031-02,"Construct, install, and restore permanent components",primary_output,broad,central,core_component,Measuring and marking creates the dimensional references used to fabricate permanent components.,,FALSE,Accept,,https://www.onetonline.org/link/details/47-2031.00,30.3,included,
23433,23433,47-2031.00,Carpenters,"Shape or cut materials to specified measurements, using hand tools, machines, or power saws.",Task Statements,Core,,rated,FALSE,08/2022,Incumbent,4.36,84.39,5.456,N,Cut wood components for installation.,CAN-47-2031-02,"Construct, install, and restore permanent components",primary_output,broad,central,core_component,Cutting or shaping material to specification is direct component fabrication.,,FALSE,Accept,,https://www.onetonline.org/link/details/47-2031.00,30.3,included,
23434,23434,47-2031.00,Carpenters,"Install structures or fixtures, such as windows, frames, floorings, trim, or hardware, using carpenters' hand or power tools.",Task Statements,Core,,rated,FALSE,08/2022,Incumbent,3.97,73.40,4.772,N,Install building fixtures.; Install doors or windows.; Install wooden structural components.,CAN-47-2031-02,"Construct, install, and restore permanent components",primary_output,broad,central,core_component,Installing structures and fixtures is a defining permanent-component construction outcome.,,FALSE,Accept,,https://www.onetonline.org/link/details/47-2031.00,30.3,included,
23435,23435,47-2031.00,Carpenters,"Verify trueness of structure, using plumb bob and level.",Task Statements,Core,,rated,FALSE,08/2022,Incumbent,4.23,88.69,4.821,N,Verify alignment of structures or equipment.,CAN-47-2031-02,"Construct, install, and restore permanent components",primary_output,broad,enabling,quality_control_component,Checking plumb and level verifies the dimensional quality of newly assembled or installed work rather than diagnosing existing damage.,,FALSE,Accept,,https://www.onetonline.org/link/details/47-2031.00,30.3,included,
23436,23436,47-2031.00,Carpenters,Select and order lumber or other required materials.,Task Statements,Supplemental,,rated,FALSE,08/2022,Incumbent,3.93,54.41,4.042,N,Select construction materials.; Order construction or extraction materials or equipment.,CAN-47-2031-01,Plan and coordinate project work,enabling_support,broad,enabling,supporting_component,Selecting and ordering required material resources the planned job.,,FALSE,Accept,,https://www.onetonline.org/link/details/47-2031.00,30.3,included,
23437,23437,47-2031.00,Carpenters,"Arrange for subcontractors to deal with special areas, such as heating or electrical wiring work.",Task Statements,Supplemental,,rated,FALSE,08/2022,Incumbent,4.12,49.91,4.003,N,Coordinate construction project activities.,CAN-47-2031-01,Plan and coordinate project work,enabling_support,broad,enabling,supporting_component,Arranging specialized subcontractors coordinates the project interfaces needed for execution.,,FALSE,Accept,,https://www.onetonline.org/link/details/47-2031.00,30.3,included,
23438,23438,47-2031.00,Carpenters,"Maintain records, document actions, and present written progress reports.",Task Statements,Core,,rated,FALSE,08/2022,Incumbent,3.94,79.33,4.542,N,Prepare operational reports.,CAN-47-2031-01,Plan and coordinate project work,enabling_support,broad,enabling,supporting_component,Progress records and reports document project execution for coordination and accountability.,,FALSE,Accept,,https://www.onetonline.org/link/details/47-2031.00,30.3,included,
23439,23439,47-2031.00,Carpenters,"Build or repair cabinets, doors, frameworks, floors, or other wooden fixtures used in buildings, using woodworking machines, carpenter's hand tools, or power tools.",Task Statements,Supplemental,,rated,FALSE,08/2022,Incumbent,4.11,53.70,5.052,N,Install wooden structural components.,CAN-47-2031-02,"Construct, install, and restore permanent components",primary_output,broad,enabling,mixed_task_dominant_fit,"The statement includes both building and repair, but its dominant object is fabrication of cabinets, frameworks, floors, and fixtures using woodworking tools; defect-led repair remains in the restoration bundle.",,TRUE,Accept,,https://www.onetonline.org/link/details/47-2031.00,30.3,included,
23440,23440,47-2031.00,Carpenters,Erect scaffolding or ladders for assembling structures above ground level.,Task Statements,Core,,rated,FALSE,08/2022,Incumbent,4.04,77.21,3.762,N,Assemble temporary equipment or structures.,CAN-47-2031-03,Build temporary structures and site supports,primary_output,occupation_variant,central,core_component,Scaffolding and ladders are temporary access structures that enable above-ground construction.,,FALSE,Accept,,https://www.onetonline.org/link/details/47-2031.00,30.3,included,
23441,23441,47-2031.00,Carpenters,"Anchor and brace forms and other structures in place, using nails, bolts, anchor rods, steel cables, planks, wedges, and timbers.",Task Statements,Core,,rated,FALSE,08/2022,Incumbent,3.72,92.60,4.421,N,Position construction forms or molds.,CAN-47-2031-03,Build temporary structures and site supports,primary_output,occupation_variant,central,core_component,Anchoring and bracing forms or other supports directly creates stable temporary construction infrastructure.,,FALSE,Accept,,https://www.onetonline.org/link/details/47-2031.00,30.3,included,
23442,23442,47-2031.00,Carpenters,"Inspect ceiling or floor tile, wall coverings, siding, glass, or woodwork to detect broken or damaged structures.",Task Statements,Core,,rated,FALSE,08/2022,Incumbent,4.08,81.59,3.896,N,Inspect work sites to determine condition or necessary repairs.,CAN-47-2031-02,"Construct, install, and restore permanent components",primary_output,broad,enabling,quality_control_component,Inspection is explicitly performed to identify damage and the need for restoration of existing fabric. It is retained within the broad construct/install/repair responsibility under the stricter outcome-based split rule.,,FALSE,Accept,,https://www.onetonline.org/link/details/47-2031.00,30.3,included,
23443,23443,47-2031.00,Carpenters,"Assemble and fasten materials to make frameworks or props, using hand tools and wood screws, nails, dowel pins, or glue.",Task Statements,Core,,rated,FALSE,08/2022,Incumbent,4.41,80.54,5.395,N,Assemble temporary equipment or structures.,CAN-47-2031-03,Build temporary structures and site supports,primary_output,occupation_variant,enabling,mixed_task_dominant_fit,"Frameworks can be permanent, but the explicit inclusion of props and the matching O*NET DWA for temporary structures make site-support work the best dominant fit.",CAN-47-2031-02,TRUE,Accept,,https://www.onetonline.org/link/details/47-2031.00,30.3,included,
23444,23444,47-2031.00,Carpenters,"Bore boltholes in timber, masonry or concrete walls, using power drill.",Task Statements,Core,,rated,FALSE,08/2022,Incumbent,3.56,91.54,4.120,N,Drill holes in construction materials.,CAN-47-2031-02,"Construct, install, and restore permanent components",primary_output,broad,central,core_component,Drilling bolt holes prepares construction material for fastening and permanent assembly.,,FALSE,Accept,,https://www.onetonline.org/link/details/47-2031.00,30.3,included,
23445,23445,47-2031.00,Carpenters,Maintain job records and schedule work crew.,Task Statements,Core,,rated,FALSE,08/2022,Incumbent,3.78,76.76,4.723,N,Record operational or environmental data.,CAN-47-2031-01,Plan and coordinate project work,enabling_support,broad,enabling,supporting_component,Job records and crew scheduling are project administration and coordination outputs.,,FALSE,Accept,,https://www.onetonline.org/link/details/47-2031.00,30.3,included,
23446,23446,47-2031.00,Carpenters,"Remove damaged or defective parts or sections of structures and repair or replace, using hand tools.",Task Statements,Core,,rated,FALSE,08/2022,Incumbent,3.92,87.90,4.189,N,"Remove worn, damaged or outdated materials from work areas.",CAN-47-2031-02,"Construct, install, and restore permanent components",primary_output,broad,central,core_component,Selective removal and replacement of defective sections directly restores existing structures. It is retained within the broad construct/install/repair responsibility under the stricter outcome-based split rule.,,FALSE,Accept,,https://www.onetonline.org/link/details/47-2031.00,30.3,included,
23447,23447,47-2031.00,Carpenters,"Install rough door and window frames, subflooring, fixtures, or temporary supports in structures undergoing construction or repair.",Task Statements,Core,,rated,FALSE,08/2022,Incumbent,3.45,87.23,3.551,N,Install safety or support equipment.; Install building fixtures.; Install doors or windows.,CAN-47-2031-02,"Construct, install, and restore permanent components",primary_output,broad,enabling,mixed_task_dominant_fit,Most listed outputs are permanent rough components; temporary supports create a secondary overlap with the site-support bundle.,CAN-47-2031-03,TRUE,Accept,,https://www.onetonline.org/link/details/47-2031.00,30.3,included,
23448,23448,47-2031.00,Carpenters,"Finish surfaces of woodwork or wallboard in houses or buildings, using paint, hand tools, or paneling.",Task Statements,Supplemental,,rated,FALSE,08/2022,Incumbent,4.04,64.13,4.464,N,Apply decorative or textured finishes or coverings.,CAN-47-2031-04,Complete surfaces and interior finishes,primary_output,occupation_variant,central,core_component,"Applying paint, paneling, or tool finishes directly completes visible woodwork or wallboard surfaces.",,FALSE,Accept,,https://www.onetonline.org/link/details/47-2031.00,30.3,included,
23449,23449,47-2031.00,Carpenters,"Examine structural timbers and supports to detect decay, and replace timbers as required, using hand tools, nuts, and bolts.",Task Statements,Supplemental,,rated,FALSE,08/2022,Incumbent,2.70,62.40,2.299,N,Inspect work sites to determine condition or necessary repairs.; Install wooden structural components.,CAN-47-2031-02,"Construct, install, and restore permanent components",primary_output,broad,central,core_component,The combined inspection and replacement of decayed structural timber is a complete restoration responsibility. It is retained within the broad construct/install/repair responsibility under the stricter outcome-based split rule.,,FALSE,Accept,,https://www.onetonline.org/link/details/47-2031.00,30.3,included,
23450,23450,47-2031.00,Carpenters,"Apply shock-absorbing, sound-deadening, or decorative paneling to ceilings or walls.",Task Statements,Supplemental,,rated,FALSE,08/2022,Incumbent,2.85,54.99,2.868,N,Install trim or paneling.,CAN-47-2031-04,Complete surfaces and interior finishes,primary_output,occupation_variant,enabling,specialty_variant,"Acoustic, shock-absorbing, and decorative paneling are distinct performance or decorative finish variants.",,FALSE,Accept,,https://www.onetonline.org/link/details/47-2031.00,30.3,included,
23451,23451,47-2031.00,Carpenters,"Cover subfloors with building paper to keep out moisture and lay hardwood, parquet, or wood-strip-block floors by nailing floors to subfloor or cementing them to mastic or asphalt base.",Task Statements,Supplemental,,rated,FALSE,08/2022,Incumbent,4.17,59.51,4.067,N,Install carpet or flooring.,CAN-47-2031-04,Complete surfaces and interior finishes,primary_output,occupation_variant,enabling,specialty_variant,Moisture underlayment and finished wood flooring produce a completed floor surface and represent finish-carpentry specialization.,,FALSE,Accept,,https://www.onetonline.org/link/details/47-2031.00,30.3,included,
23452,23452,47-2031.00,Carpenters,"Fill cracks or other defects in plaster or plasterboard and sand patch, using patching plaster, trowel, and sanding tool.",Task Statements,Supplemental,,rated,FALSE,08/2022,Incumbent,3.81,63.39,3.455,N,Apply material to fill gaps in surfaces.,CAN-47-2031-04,Complete surfaces and interior finishes,primary_output,occupation_variant,enabling,specialty_variant,Patching and sanding plasterboard defects prepare and complete a finish surface rather than restore a structural member.,,FALSE,Accept,,https://www.onetonline.org/link/details/47-2031.00,30.3,included,
23453,23453,47-2031.00,Carpenters,"Perform minor plumbing, welding, or concrete mixing work.",Task Statements,Supplemental,,rated,FALSE,08/2022,Incumbent,3.32,36.37,3.100,N,Mix substances or compounds needed for work activities.; Weld metal components.,CAN-47-2031-03,Build temporary structures and site supports,primary_output,occupation_variant,enabling,mixed_task_dominant_fit,"Minor concrete mixing can directly support forms and posts, while plumbing and welding are adjacent-trade interfaces; no separate bundle is justified by one heterogeneous supplemental statement.",CAN-47-2031-02,TRUE,Accept,,https://www.onetonline.org/link/details/47-2031.00,30.3,included,
23454,23454,47-2031.00,Carpenters,Prepare cost estimates for clients or employers.,Task Statements,Supplemental,,rated,FALSE,08/2022,Incumbent,3.68,29.43,3.129,N,Estimate construction project costs.,CAN-47-2031-01,Plan and coordinate project work,enabling_support,broad,enabling,supporting_component,Cost estimation converts project scope and material requirements into a client or employer planning output.,,FALSE,Accept,,https://www.onetonline.org/link/details/47-2031.00,30.3,included,
23455,23455,47-2031.00,Carpenters,Construct forms or chutes for pouring concrete.,Task Statements,Supplemental,,rated,FALSE,08/2022,Incumbent,4.14,64.85,3.316,N,Assemble temporary equipment or structures.; Build construction forms or molds.,CAN-47-2031-03,Build temporary structures and site supports,primary_output,occupation_variant,enabling,specialty_variant,Concrete forms and chutes are temporary construction systems characteristic of form-carpentry work.,,FALSE,Accept,,https://www.onetonline.org/link/details/47-2031.00,30.3,included,
23456,23456,47-2031.00,Carpenters,Build sleds from logs and timbers for use in hauling camp buildings and machinery through wooded areas.,Task Statements,Supplemental,,rated,FALSE,08/2022,Incumbent,1.44,25.14,1.578,N,Assemble products or production equipment.,CAN-47-2031-02,"Construct, install, and restore permanent components",primary_output,broad,enabling,specialty_variant,"A timber sled is a specialized fabricated wood product, but it uses the same dimensioning, joining, and completed-component responsibility.",,FALSE,Accept,,https://www.onetonline.org/link/details/47-2031.00,30.3,included,
23457,23457,47-2031.00,Carpenters,Work with or remove hazardous material.,Task Statements,Supplemental,,rated,FALSE,08/2022,Incumbent,3.87,52.84,3.531,N,Prepare hazardous waste for processing or disposal.,CAN-47-2031-02,"Construct, install, and restore permanent components",primary_output,broad,enabling,mixed_task_dominant_fit,"Hazardous-material removal can occur during demolition or repair, but its defining responsibility is exposure control and compliant handling rather than structural restoration. It is retained within the broad construct/install/repair responsibility under the stricter outcome-based split rule.",,TRUE,Accept,,https://www.onetonline.org/link/details/47-2031.00,30.3,included,
23458,23458,47-2031.00,Carpenters,Dig or direct digging of post holes and set poles to support structures.,Task Statements,Core,,rated,FALSE,08/2022,Incumbent,3.13,78.89,2.975,N,Dig holes or trenches.; Position safety or support equipment.; Direct construction or extraction personnel.,CAN-47-2031-03,Build temporary structures and site supports,primary_output,occupation_variant,enabling,mixed_task_dominant_fit,"Setting poles can create a permanent structure, but excavation, support positioning, and direction of site labor align most closely with site-support and foundation-interface work.",CAN-47-2031-02,TRUE,Accept,,https://www.onetonline.org/link/details/47-2031.00,30.3,included,
E-47-2031-2025-01,,47-2031.00,Carpenters,Use drones for site surveying and to inspect hard-to-reach areas of a structure.,Emerging Tasks,,New,emerging_proposal,TRUE,05/2025,AI/SME,,,,,,CAN-47-2031-01,Plan and coordinate project work,enabling_support,broad,enabling,mixed_task_dominant_fit,"Drone-based surveying primarily produces site and structure information used to plan and coordinate field work. The same statement also covers inspection of existing structures, creating a real boundary overlap with CAN-47-2031-02; it remains in planning because the wording is not limited to defect-led restoration.",CAN-47-2031-02,TRUE,Accept,,https://www.onetcenter.org/dictionary/30.3/csv/emerging_tasks.html,30.3,included,
10635,10635,53-3032.00,Heavy and Tractor-Trailer Truck Drivers,Follow appropriate safety procedures for transporting dangerous goods.,Task Statements,Supplemental,,rated,FALSE,08/2022,Incumbent,4.66,59.61,4.964,N,Follow safety procedures for vehicle operation.,TRK-01,Transport and deliver freight by heavy truck,primary_output,broad,enabling,enabling,"Dangerous-goods procedures are compliance-related, but their defining object is specially regulated cargo and its safe custody during transport.",,FALSE,Accept,,https://www.onetonline.org/link/details/53-3032.00,30.3,included,
10636,10636,53-3032.00,Heavy and Tractor-Trailer Truck Drivers,"Check vehicles to ensure that mechanical, safety, and emergency equipment is in good working order.",Task Statements,Core,,rated,FALSE,08/2022,Incumbent,4.61,98.64,5.273,N,Inspect motor vehicles.,TRK-01,Transport and deliver freight by heavy truck,primary_output,broad,enabling,enabling,"Mechanical, safety, and emergency-equipment inspection establishes roadworthy vehicle readiness.",,FALSE,Accept,,https://www.onetonline.org/link/details/53-3032.00,30.3,included,
10637,10637,53-3032.00,Heavy and Tractor-Trailer Truck Drivers,"Maintain logs of working hours or of vehicle service or repair status, following applicable state and federal regulations.",Task Statements,Core,,rated,FALSE,08/2022,Incumbent,4.57,95.06,5.499,N,Record operational or production data.; Record service or repair activities.,TRK-01,Transport and deliver freight by heavy truck,primary_output,broad,enabling,enabling,"The task covers both work-hour and service-status logs; the dominant output is the compliant operational record, although service-status content also informs equipment readiness.",,FALSE,Accept,,https://www.onetonline.org/link/details/53-3032.00,30.3,included,
10638,10638,53-3032.00,Heavy and Tractor-Trailer Truck Drivers,Obtain receipts or signatures for delivered goods and collect payment for services when required.,Task Statements,Core,,rated,FALSE,08/2022,Incumbent,4.60,86.60,5.027,N,Collect fares or payment from customers.,TRK-01,Transport and deliver freight by heavy truck,primary_output,broad,enabling,enabling,"Receipts, signatures, and payments close the delivery transaction; customer-facing service is present but does not justify a separate bundle from shipment closeout.",,FALSE,Accept,,https://www.onetonline.org/link/details/53-3032.00,30.3,included,
10640,10640,53-3032.00,Heavy and Tractor-Trailer Truck Drivers,"Maneuver trucks into loading or unloading positions, following signals from loading crew and checking that vehicle and loading equipment are properly positioned.",Task Statements,Core,,rated,FALSE,08/2022,Incumbent,4.50,96.07,5.168,N,Operate vehicles or material-moving equipment.,TRK-01,Transport and deliver freight by heavy truck,primary_output,broad,central,central,Positioning the truck at loading facilities is precision vehicle operation even though it interfaces with cargo crews.,,FALSE,Accept,,https://www.onetonline.org/link/details/53-3032.00,30.3,included,
10641,10641,53-3032.00,Heavy and Tractor-Trailer Truck Drivers,"Drive trucks with capacities greater than 13 tons, including tractor-trailer combinations, to transport and deliver products, livestock, or other materials.",Task Statements,Core,,rated,FALSE,08/2022,Incumbent,4.46,92.62,5.185,N,Operate vehicles or material-moving equipment.,TRK-01,Transport and deliver freight by heavy truck,primary_output,broad,central,central,Driving a heavy truck to transport and deliver materials is the defining vehicle-operation responsibility.,,FALSE,Accept,,https://www.onetonline.org/link/details/53-3032.00,30.3,included,
10642,10642,53-3032.00,Heavy and Tractor-Trailer Truck Drivers,"Secure cargo for transport, using ropes, blocks, chain, binders, or covers.",Task Statements,Supplemental,,rated,FALSE,08/2022,Incumbent,4.66,61.18,4.806,N,Secure cargo.,TRK-01,Transport and deliver freight by heavy truck,primary_output,broad,enabling,enabling,Applying restraints and covers directly establishes secure cargo containment.,,FALSE,Accept,,https://www.onetonline.org/link/details/53-3032.00,30.3,included,
10643,10643,53-3032.00,Heavy and Tractor-Trailer Truck Drivers,Read bills of lading to determine assignment details.,Task Statements,Core,,rated,FALSE,08/2022,Incumbent,4.56,86.75,5.047,N,Review work orders or schedules to determine operations or procedures.,TRK-01,Transport and deliver freight by heavy truck,primary_output,broad,enabling,enabling,Reading the bill of lading converts shipment documentation into assignment requirements.,,FALSE,Accept,,https://www.onetonline.org/link/details/53-3032.00,30.3,included,
10644,10644,53-3032.00,Heavy and Tractor-Trailer Truck Drivers,"Report vehicle defects, accidents, traffic violations, or damage to the vehicles.",Task Statements,Core,,rated,FALSE,08/2022,Incumbent,4.55,99.39,4.808,N,"Report vehicle or equipment malfunctions.; Notify others of emergencies, problems, or hazards.",TRK-01,Transport and deliver freight by heavy truck,primary_output,broad,enabling,enabling,"Reporting defects directly supports equipment readiness, while accidents and violations also overlap with assignment administration and compliance records.",,FALSE,Accept,,https://www.onetonline.org/link/details/53-3032.00,30.3,included,
10645,10645,53-3032.00,Heavy and Tractor-Trailer Truck Drivers,Read and interpret maps to determine vehicle routes.,Task Statements,Core,,rated,FALSE,08/2022,Incumbent,4.40,90.23,4.892,N,Read maps to determine routes.,TRK-01,Transport and deliver freight by heavy truck,primary_output,broad,enabling,enabling,Map interpretation produces the planned route before or during assignment execution rather than physically operating the vehicle.,,FALSE,Accept,,https://www.onetonline.org/link/details/53-3032.00,30.3,included,
10646,10646,53-3032.00,Heavy and Tractor-Trailer Truck Drivers,"Couple or uncouple trailers by changing trailer jack positions, connecting or disconnecting air or electrical lines, or manipulating fifth-wheel locks.",Task Statements,Core,,rated,FALSE,08/2022,Incumbent,4.52,88.61,4.587,N,Connect cables or electrical lines.,TRK-01,Transport and deliver freight by heavy truck,primary_output,broad,enabling,enabling,"Coupling air, electrical, jack, and fifth-wheel systems configures the tractor-trailer for use.",,FALSE,Accept,,https://www.onetonline.org/link/details/53-3032.00,30.3,included,
10647,10647,53-3032.00,Heavy and Tractor-Trailer Truck Drivers,"Collect delivery instructions from appropriate sources, verifying instructions and routes.",Task Statements,Core,,rated,FALSE,08/2022,Incumbent,4.48,93.17,4.833,N,Review work orders or schedules to determine operations or procedures.; Verify information or specifications.,TRK-01,Transport and deliver freight by heavy truck,primary_output,broad,enabling,enabling,Collecting and verifying instructions and routes establishes the operative assignment.,,FALSE,Accept,,https://www.onetonline.org/link/details/53-3032.00,30.3,included,
10650,10650,53-3032.00,Heavy and Tractor-Trailer Truck Drivers,Check conditions of trailers after contents have been unloaded to ensure that there has been no damage.,Task Statements,Core,,rated,FALSE,08/2022,Incumbent,4.37,89.41,4.741,N,Inspect cargo areas for cleanliness or condition.,TRK-01,Transport and deliver freight by heavy truck,primary_output,broad,enabling,enabling,"The inspection occurs after cargo handling, but its direct outcome is confirmation of the trailer's physical condition for continued use.",,FALSE,Accept,,https://www.onetonline.org/link/details/53-3032.00,30.3,included,
10651,10651,53-3032.00,Heavy and Tractor-Trailer Truck Drivers,Crank trailer landing gear up or down to safely secure vehicles.,Task Statements,Core,,rated,FALSE,08/2022,Incumbent,4.60,88.79,4.717,N,Operate vehicles or material-moving equipment.,TRK-01,Transport and deliver freight by heavy truck,primary_output,broad,enabling,enabling,Landing-gear operation safely configures and supports the trailer during coupling or uncoupling.,,FALSE,Accept,,https://www.onetonline.org/link/details/53-3032.00,30.3,included,
10653,10653,53-3032.00,Heavy and Tractor-Trailer Truck Drivers,"Perform basic vehicle maintenance tasks, such as adding oil, fuel, or radiator fluid, performing minor repairs, or washing trucks.",Task Statements,Core,,rated,FALSE,08/2022,Incumbent,4.53,95.47,4.332,N,Maintain vehicles in good working condition.,TRK-01,Transport and deliver freight by heavy truck,primary_output,broad,enabling,enabling,"Fluids, minor repairs, fueling, and washing sustain basic vehicle condition and availability.",,FALSE,Accept,,https://www.onetonline.org/link/details/53-3032.00,30.3,included,
10655,10655,53-3032.00,Heavy and Tractor-Trailer Truck Drivers,Inventory and inspect goods to be moved to determine quantities and conditions.,Task Statements,Supplemental,,rated,FALSE,08/2022,Incumbent,4.28,66.15,4.523,N,Acquire supplies or equipment.,TRK-01,Transport and deliver freight by heavy truck,primary_output,broad,enabling,enabling,Inventory and condition inspection establish the quantity and state of freight entering the driver's custody.,,FALSE,Accept,,https://www.onetonline.org/link/details/53-3032.00,30.3,included,
10656,10656,53-3032.00,Heavy and Tractor-Trailer Truck Drivers,Remove debris from loaded trailers.,Task Statements,Core,,rated,FALSE,08/2022,Incumbent,3.76,78.22,4.368,N,Remove debris or damaged materials.,TRK-01,Transport and deliver freight by heavy truck,primary_output,broad,enabling,enabling,"Debris originates in cargo operations, but removing it restores the trailer or cargo area to a usable condition for the next assignment.",,FALSE,Accept,,https://www.onetonline.org/link/details/53-3032.00,30.3,included,
10658,10658,53-3032.00,Heavy and Tractor-Trailer Truck Drivers,"Follow special cargo-related procedures, such as checking refrigeration systems for frozen foods or providing food or water for livestock.",Task Statements,Supplemental,,rated,FALSE,08/2022,Incumbent,4.10,30.12,4.261,N,Monitor cargo area conditions.,TRK-01,Transport and deliver freight by heavy truck,primary_output,broad,enabling,enabling,Refrigerated and livestock procedures are specialized ways of preserving freight condition and welfare in custody.,,FALSE,Accept,,https://www.onetonline.org/link/details/53-3032.00,30.3,included,
10659,10659,53-3032.00,Heavy and Tractor-Trailer Truck Drivers,Give directions to laborers who are packing goods and moving them onto trailers.,Task Statements,Supplemental,,rated,FALSE,08/2022,Incumbent,3.64,50.07,4.043,N,Direct material handling or moving activities.,TRK-01,Transport and deliver freight by heavy truck,primary_output,broad,enabling,enabling,"The task involves directing people, but the directed outcome is correct packing and loading of the freight; broader crew supervision is not evidenced.",,FALSE,Accept,,https://www.onetonline.org/link/details/53-3032.00,30.3,included,
10660,10660,53-3032.00,Heavy and Tractor-Trailer Truck Drivers,"Install or remove special equipment, such as tire chains, grader blades, plow blades, or sanders.",Task Statements,Supplemental,,rated,FALSE,08/2022,Incumbent,4.10,37.34,2.739,N,"Install parts, assemblies, or attachments in transportation or material handling equipment.",TRK-01,Transport and deliver freight by heavy truck,primary_output,broad,enabling,enabling,"Chains, blades, and sanders support different operating contexts, but installation or removal principally configures the vehicle and its attachments for use.",,FALSE,Accept,,https://www.onetonline.org/link/details/53-3032.00,30.3,included,
10662,10662,53-3032.00,Heavy and Tractor-Trailer Truck Drivers,"Perform emergency roadside repairs, such as changing tires or installing light bulbs, tire chains, or spark plugs.",Task Statements,Core,,rated,FALSE,08/2022,Incumbent,3.95,69.71,2.627,N,Maintain vehicles in good working condition.,TRK-01,Transport and deliver freight by heavy truck,primary_output,broad,enabling,enabling,Roadside repair is an emergency-context variant of restoring vehicle readiness.,,FALSE,Accept,,https://www.onetonline.org/link/details/53-3032.00,30.3,included,
19922,19922,53-3032.00,Heavy and Tractor-Trailer Truck Drivers,"Operate idle reduction systems or auxiliary power systems to generate power from alternative sources, such as fuel cells, to reduce idling time, to heat or cool truck cabins, or to provide power for other equipment.",Task Statements,Supplemental,,rated,FALSE,08/2022,Incumbent,3.84,46.93,4.638,N,Operate green energy production equipment.,TRK-01,Transport and deliver freight by heavy truck,primary_output,broad,enabling,enabling,"Auxiliary power can be viewed as driver-comfort or energy work, but it is physically a supporting truck system operated to keep the vehicle usable without main-engine idling.",,FALSE,Accept,,https://www.onetonline.org/link/details/53-3032.00,30.3,included,
19923,19923,53-3032.00,Heavy and Tractor-Trailer Truck Drivers,"Plan or adjust routes based on changing conditions, using computer equipment, global positioning systems (GPS) equipment, or other navigation devices, to minimize fuel consumption and carbon emissions.",Task Statements,Core,,rated,FALSE,08/2022,Incumbent,4.13,80.89,4.908,N,Choose optimal transportation routes or speeds.; Adjust routes or speeds as necessary.,TRK-01,Transport and deliver freight by heavy truck,primary_output,broad,enabling,enabling,"Planning or adjusting the route is assignment decision work, even when performed dynamically during a trip.",,FALSE,Accept,,https://www.onetonline.org/link/details/53-3032.00,30.3,included,
20692,20692,53-3032.00,Heavy and Tractor-Trailer Truck Drivers,Inspect loads to ensure that cargo is secure.,Task Statements,Core,,rated,FALSE,08/2022,Incumbent,4.62,90.88,5.146,N,Inspect cargo to ensure it is properly loaded or secured.,TRK-01,Transport and deliver freight by heavy truck,primary_output,broad,enabling,enabling,Inspecting the loaded freight verifies that cargo securement is adequate before or during transport.,,FALSE,Accept,,https://www.onetonline.org/link/details/53-3032.00,30.3,included,
20693,20693,53-3032.00,Heavy and Tractor-Trailer Truck Drivers,Check all load-related documentation for completeness and accuracy.,Task Statements,Core,,rated,FALSE,08/2022,Incumbent,4.63,91.58,5.104,N,Review documents or materials for compliance with policies or regulations.,TRK-01,Transport and deliver freight by heavy truck,primary_output,broad,enabling,enabling,Completeness and accuracy checks establish a valid shipment record and compliant assignment package.,,FALSE,Accept,,https://www.onetonline.org/link/details/53-3032.00,30.3,included,
20694,20694,53-3032.00,Heavy and Tractor-Trailer Truck Drivers,Drive trucks to weigh stations before and after loading and along routes in compliance with state regulations.,Task Statements,Core,,rated,FALSE,08/2022,Incumbent,4.31,83.55,4.327,N,Operate vehicles or material-moving equipment.,TRK-01,Transport and deliver freight by heavy truck,primary_output,broad,central,central,"Weigh-station compliance motivates the task, but the described action is driving the truck through a required regulatory-facility sequence.",,FALSE,Accept,,https://www.onetonline.org/link/details/53-3032.00,30.3,included,
20695,20695,53-3032.00,Heavy and Tractor-Trailer Truck Drivers,"Operate equipment, such as truck cab computers, CB radios, phones, or global positioning systems (GPS) equipment to exchange necessary information with bases, supervisors, or other drivers.",Task Statements,Core,,rated,FALSE,08/2022,Incumbent,4.31,96.32,5.331,N,Operate communications equipment or systems.,TRK-01,Transport and deliver freight by heavy truck,primary_output,broad,enabling,enabling,"Cab communications exchange the assignment information needed among driver, base, supervisors, and peers.",,FALSE,Accept,,https://www.onetonline.org/link/details/53-3032.00,30.3,included,
20696,20696,53-3032.00,Heavy and Tractor-Trailer Truck Drivers,"Load or unload trucks or help others with loading or unloading, using special loading-related equipment or other equipment as necessary.",Task Statements,Core,,rated,FALSE,08/2022,Incumbent,4.19,74.13,4.606,N,"Load shipments, belongings, or materials.",TRK-01,Transport and deliver freight by heavy truck,primary_output,broad,enabling,enabling,Loading or unloading directly changes possession and physical placement of freight.,,FALSE,Accept,,https://www.onetonline.org/link/details/53-3032.00,30.3,included,
20697,20697,53-3032.00,Heavy and Tractor-Trailer Truck Drivers,"Wrap and secure goods using pads, packing paper, containers, or straps.",Task Statements,Supplemental,,rated,FALSE,08/2022,Incumbent,3.94,50.14,4.661,N,Secure cargo.; Package materials or products.,TRK-01,Transport and deliver freight by heavy truck,primary_output,broad,enabling,enabling,"Wrapping, padding, containerizing, and strapping are packaging and securement variants used for particular freight.",,FALSE,Accept,,https://www.onetonline.org/link/details/53-3032.00,30.3,included,

