product_task_assessment_id,product_id,product_ai_release_id,occupation_soc_code,canonical_task_set_version,canonical_task_id,task_scope_version,jurisdiction_code,product_date_assessed,product_configuration_assessed,product_task_mapping_basis,product_task_coverage,supported_case_scope,product_task_relationship,primary_user_role,acquire_product_autonomy_rating,interpret_product_autonomy_rating,decide_product_autonomy_rating,act_product_autonomy_rating,product_rating_rationale,protocol_version,product_assessment_status
pta_intuit_quickbooks_online_acc01,prod_intuit_quickbooks_online,rel_intuit_quickbooks_online_20241120,13-2011.00,pilot-1.0,ACC-01,scope-pilot-1.0,US,2026-08-19,"QuickBooks Online Plus/Advanced or Intuit Enterprise Suite (U.S.), current Accounting AI with connected bank transactions and auto-post enabled for supported Intuit Payroll and QuickBooks Bill Pay matches, as of 2026-08-19",vendor_explicit_task,bounded_substantive,"Connected bank-feed lines that match supported Intuit Payroll direct deposits or payroll-tax payments, or bills paid through QuickBooks Bill Pay, and are eligible for Accounting AI auto-post; excludes ready-to-post review-queue items and broader close actions such as write-offs, depreciation, and amortization.",mixed,"Small-business owner, bookkeeper, or accountant",4,4,4,4,"Supported case: recurring bank-feed transactions that Accounting AI can match to Intuit Payroll direct deposits/payroll-tax payments or bills paid through QuickBooks Bill Pay and auto-post. For this bounded but substantive transaction-recording case, the product obtains the connected records, resolves the match and accounting treatment, decides it is eligible for auto-post, and posts before any routine human gate; the user is notified in the Posted tab and may audit after the fact. These 4s do not extend to broader month-end-close actions such as write-offs, depreciation, amortization, or other ready-to-post items, for which Intuit separately requires review and approval.",0.1,calibration_draft
pta_intuit_quickbooks_online_acc03,prod_intuit_quickbooks_online,rel_intuit_quickbooks_online_20241120,13-2011.00,pilot-1.0,ACC-03,scope-pilot-1.0,US,2026-08-19,"QuickBooks Online Advanced (U.S.) with current Intuit Intelligence 12-month forecasting, scenario analysis, and forecast-to-budget option, as of 2026-08-19",vendor_explicit_task,bounded_substantive,"A U.S. business with at least two years of current, categorized QuickBooks history, assessed for a 12-month income, expense, and cash-flow forecast plus user-prompted scenarios and optional forecast-to-budget conversion; excludes unconnected planning inputs and the final business decision.",mixed,"Small-business owner, bookkeeper, or accountant",4,4,2,4,"Supported case: a 12-month income, expense, and cash-flow forecast based on at least two years of current QuickBooks history, with user-prompted scenario analysis. Intuit Intelligence directly reads the connected history, generates the forecast and scenario outputs, and can prepare a finished forecast/budget artifact without a routine pre-output gate. Decide is 2 because the documentation explicitly leaves assumption changes, scenario selection, reliance, and the business decision to the user. The 4s do not imply acquisition of planning inputs outside QuickBooks or autonomous managerial decisions.",0.1,calibration_draft
pta_xero_xero_accounting_acc01,prod_xero_xero_accounting,rel_xero_xero_accounting_202408,13-2011.00,pilot-1.0,ACC-01,scope-pilot-1.0,US,2026-08-19,"Xero U.S. Growing-or-higher plan with JAX automatic bank reconciliation enabled for connected bank accounts, using Rule, Match, Memory and Prediction methods, as of 2026-08-19",vendor_explicit_task,bounded_substantive,"New statement lines from connected U.S. bank accounts on a Growing-or-higher plan for which JAX has high confidence under a configured Rule, existing-record Match, learned Memory, or Prediction; excludes uncertain suggestions, manual journals, and broader close work.",mixed,Small-business owner or accountant,4,4,4,4,"Supported case: incoming bank-statement lines for which JAX has high confidence under a configured rule, existing-record match, learned memory, or prediction. Xero imports the feed, categorizes or matches the line, decides the match is sufficiently confident, and reconciles it before human review; users review only uncertain items or audit completed actions afterward. These 4s do not cover uncertain lines, manual journals, the broader close, or every accounting event.",0.1,calibration_draft
pta_xero_xero_accounting_acc03,prod_xero_xero_accounting,rel_xero_xero_accounting_202408,13-2011.00,pilot-1.0,ACC-03,scope-pilot-1.0,US,2026-08-19,"Xero U.S. with current JAX chat and financial-insights experience using permissioned live Xero data and real-time public information, as of 2026-08-19",vendor_explicit_task,narrow_fragment,"A user-initiated financial-performance, trend, cash-flow, benchmarking, or planning question answerable from the user's permissioned live Xero data and real-time public information; the endpoint is the requested analysis or advice, not implementation of the recommended business action.",mixed,Small-business owner or accountant,4,4,2,4,"Supported case: a user-initiated financial-performance, trend, cash-flow, benchmarking, or planning query answerable from permissioned Xero data and public information. JAX directly obtains those sources, returns a tailored analysis with charts or tables, and communicates the output without an intervening approval step. Decide is 2 because Xero describes the output as support for the user's decision and leaves goals, assumptions, choice, and action with the user. This does not establish autonomous enterprise budgeting or execution of the recommended business action.",0.1,calibration_draft
pta_floqast_accounting_transformation_platform_acc01,prod_floqast_accounting_transformation_platform,rel_floqast_accounting_transformation_platform_20240925,13-2011.00,pilot-1.0,ACC-01,scope-pilot-1.0,US,2026-08-19,"FloQast Accounting Transformation Platform with Reconciliation Automation, connected ERP/bank/upstream feeds, AI Transaction Matching, and business-defined low-risk auto-certification thresholds, as of 2026-08-19",vendor_explicit_task,bounded_substantive,"Configured low-risk reconciliations that receive connected source data, tie out within organization-defined materiality and tolerance thresholds, and require no adjusting journal; excludes exceptions, high-risk reconciliations, adjusting entries, and postings to the books.",occupation_worker_tool,Accountant or controllership professional,4,4,4,4,"Supported case: configured low-risk reconciliations that tie out within organization-defined materiality and tolerance thresholds and require no adjusting journal. FloQast directly receives connected source data, matches and validates the transactions, decides the reconciliation satisfies the thresholds, and auto-certifies it while routing exceptions to humans. The 4s do not cover exceptions, high-risk reconciliations, adjusting journals, or postings; FloQast explicitly requires human approval before anything hits the books.",0.1,calibration_draft
pta_floqast_accounting_transformation_platform_acc02,prod_floqast_accounting_transformation_platform,rel_floqast_accounting_transformation_platform_20240925,13-2011.00,pilot-1.0,ACC-02,scope-pilot-1.0,US,2026-08-19,"FloQast AI Testing beta with embedded test sheets and AI evidence annotation/pass-fail workflow, as externally offered on 2026-08-19",vendor_explicit_task,narrow_fragment,"A defined control-attribute test in the externally offered AI Testing beta using supporting documents supplied in FloQast's embedded test sheets; excludes engagement planning, evidence-population selection, overall assurance conclusions, recommendations, and final reporting.",occupation_worker_tool,Accountant or controllership professional,2,3,1,2,"FloQast reads supplied control evidence, annotates documents, and automatically produces a first-pass pass/fail conclusion for each tested attribute. Acquire is 2 because people still establish criteria, select samples, and supply the relevant evidence. Interpret is 3 for the bounded attribute-testing output because the system completes a first-pass conclusion but explicitly elevates auditors to strategic reviewers. Decide is 1 because engagement scope, significance, assurance conclusions, and recommendations remain human. Act is 2 because embedded sheets and annotations materially prepare documentation, but auditors complete conclusions and reporting.",0.1,calibration_draft
pta_mindbridge_ai_platform_acc02,prod_mindbridge_ai_platform,rel_mindbridge_ai_platform_20230927,13-2011.00,pilot-1.0,ACC-02,scope-pilot-1.0,US,2026-08-19,"MindBridge AI Platform with current Transaction Risk Analytics/general-ledger and subledger analyses, configured library/control points and review workflow, as of 2026-08-19",vendor_explicit_task,bounded_substantive,"Transaction-risk analysis over an auditor-imported general-ledger or subledger population using configured MindBridge libraries and control points, including risk scoring, trends, anomaly flags, prioritization, sampling support, and exports; excludes non-transaction evidence and the final assurance conclusion or report.",occupation_worker_tool,Auditor or assurance professional,2,2,2,1,"MindBridge provides a substantial full-population transaction-risk component of an assurance engagement, not the whole engagement. Acquire is 2 because auditors import structured ledgers and related files, configure the engagement, and must verify AI-suggested account mappings. Interpret is 2 because automated scores, trends, anomaly flags and dashboards materially narrow risk, but auditors review and investigate the entries to assess errors, fraud, deficiencies, and evidence sufficiency. Decide is 2 because prioritization and risk-based sampling materially inform procedures while auditors retain scope, significance and assurance conclusions. Act is 1 because exports, review tracking and guided procedures support workpapers, but people perform/direct procedures and issue findings.",0.1,calibration_draft
pta_blackline_journals_risk_analyser_acc02,prod_blackline_journals_risk_analyser,rel_blackline_journals_risk_analyser_20240411,13-2011.00,pilot-1.0,ACC-02,scope-pilot-1.0,US,2026-08-19,"BlackLine Journals Risk Analyser with Verity AI, connected to the organization's journal population across ERP systems, as of 2026-08-19",vendor_explicit_task,bounded_substantive,"Journal-population anomaly, trend, KPI, fraud-risk, and compliance-risk analysis across connected ERP systems; excludes acquisition of broader engagement evidence and final audit analysis, approval, documentation, remediation, or reporting.",occupation_worker_tool,"Accountant, controller, or auditor",2,2,1,1,"Journals Risk Analyser captures and evaluates journal populations, detects anomalies and trends, and provides dashboards and natural-language querying. Acquire and Interpret are 2 because this is a substantial journal-risk component, but users still establish policies and scope and assess the flagged findings. Decide is 1 because BlackLine explicitly treats AI insights as suggestions and leaves final analysis and approval to humans. Act is 1 because the product surfaces dashboards and risks while final documentation, remediation, audit procedures, and reporting remain human.",0.1,calibration_draft
pta_workiva_platform_acc01,prod_workiva_platform,rel_workiva_platform_20230801,13-2011.00,pilot-1.0,ACC-01,scope-pilot-1.0,US,2026-08-19,"Workiva Platform with Workiva AI enabled, context-aware document/spreadsheet/presentation companions and connected SEC-reporting workflow, as of 2026-08-19",vendor_explicit_task,bounded_substantive,"U.S. SEC or financial-reporting work using linked Workiva data and permissioned documents for document analysis, debt-term extraction, table-based narrative generation, MD&A summaries, or risk-factor drafts; excludes final accounting treatment, disclosure judgment, document approval, and filing release.",occupation_worker_tool,"Financial-reporting, audit, or GRC professional",2,3,2,3,"Workiva materially connects reporting data and lets AI reference files, summarize documents, extract terms, analyze financial tables and draft narratives. Acquire is 2 because users establish data links, permissions and referenced files. Interpret is 3 for supported document/table analyses because the AI supplies a complete response but Workiva requires every response to undergo human review. Decide is 2 because risk-factor selection, accounting treatment and disclosure judgment remain human. Act is 3 for supported report narratives because Workiva drafts the content, but it never inserts or changes a document without explicit user approval.",0.1,calibration_draft
pta_workiva_platform_acc02,prod_workiva_platform,rel_workiva_platform_20230801,13-2011.00,pilot-1.0,ACC-02,scope-pilot-1.0,US,2026-08-19,"Workiva Platform with Workiva AI enabled, context-aware file reference, intelligent search and controlled GRC/audit documentation workflow, as of 2026-08-19",demonstrated_task_match,narrow_fragment,"Permissioned audit or GRC document search, summarization, extraction, and draft documentation inside Workiva; excludes establishing engagement scope, performing the full evidence procedure, judging significance, reaching the overall assurance conclusion, and approving or issuing the report.",occupation_worker_tool,"Financial-reporting, audit, or GRC professional",2,3,2,3,"For bounded audit/GRC document-review and workpaper-drafting cases, Workiva can search permissioned content, reference documents, summarize and extract information, and produce a complete draft. Acquire is 2 because users establish permissions, content and search/reference scope. Interpret is 3 because the response is complete but every AI response requires human review. Decide is 2 because risk significance, procedures, assurance conclusions and recommendations remain professional judgments. Act is 3 because a complete documentation draft can be produced but cannot enter the controlled document without explicit user approval.",0.1,calibration_draft
pta_caseware_aida_acc02,prod_caseware_aida,rel_caseware_aida_20240528,13-2011.00,pilot-1.0,ACC-02,scope-pilot-1.0,US,2026-08-19,"Caseware Cloud Audit workflow with current AiDA Enhanced mode, linked document summaries, Analytical Review Assistant and contextual guidance, as of 2026-08-19",vendor_explicit_task,bounded_substantive,"Documents and analytics already present in a Caseware Cloud audit engagement, assessed for source-linked summaries, extracted terms, analytical explanations, contextual methodology guidance, and first-pass narratives; excludes final professional judgment, completed workpaper conclusions, and report issuance.",occupation_worker_tool,Auditor or assurance professional,2,2,1,2,"AiDA extracts and summarizes supplied engagement documents with source links, explains analytics and anomalies, answers technical questions, and drafts first-pass narratives. Acquire and Interpret are 2 because staff choose/upload the evidence and must confirm source points and apply professional judgment before conclusions. Decide is 1 because risk and methodology suggestions are for consideration and the product explicitly frees people for judgment calls. Act is 2 because AiDA prepares narrative text, but the user verifies it and manually copies/pastes it into the engagement file before completing the workpaper and report.",0.1,calibration_draft
pta_datasnipper_documine_acc02,prod_datasnipper_documine,rel_datasnipper_documine_20250331,13-2011.00,pilot-1.0,ACC-02,scope-pilot-1.0,US,2026-08-19,"DataSnipper DocuMine in Excel with current multi-document question answering, Question Bank and Snips approval workflow, as of 2026-08-19",vendor_explicit_task,bounded_substantive,"A question-driven review of multiple audit documents supplied to DocuMine in Excel, producing source-linked answers and approved Snips for the defined procedure; excludes overall engagement scope, significance judgments, assurance conclusions, and final reporting.",occupation_worker_tool,Auditor or assurance professional,3,3,1,2,"For a bounded complex-document review procedure, DocuMine searches multiple supplied documents, returns precise source-linked answers and performs qualitative analysis. Acquire and Interpret are 3 because the product produces complete evidence retrieval/answer outputs for the supported question, but the designed workflow is explicitly ask-review-approve and requires professional validation of every suggested answer. Decide is 1 because auditors make the call and form the audit conclusion. Act is 2 because approved Snips create traceable Excel evidence, but the team completes procedures, workpapers and reporting.",0.1,calibration_draft
pta_vena_copilot_fpa_acc03,prod_vena_copilot_fpa,rel_vena_copilot_fpa_20240403,13-2011.00,pilot-1.0,ACC-03,scope-pilot-1.0,US,2026-08-19,"Vena Copilot Spring 2026 configuration with generally available Planning Agent in Excel, Reporting Agent and Analytics Agent over the connected Vena model, as of 2026-08-19",vendor_explicit_task,broad_task,"A user-prompted report, variance analysis, or driver-based budget, forecast, or scenario using data and drivers already governed in the connected Vena model; excludes unconnected operating facts, autonomous selection of organizational objectives, final budget approval, and implementation of business actions.",occupation_worker_tool,FP&A professional,4,4,2,4,"Supported case: a user-prompted report, variance analysis, or driver-based budget/forecast using data already governed in the connected Vena model. The agents retrieve model data, explain trends/variances, and directly create the report or dynamic plan in Excel with no documented per-output approval gate; optional inspection and editing occur after output. Decide is 2 because users provide objectives and planning assumptions and retain the business choice. These 4s do not cover acquisition of unconnected operating facts or autonomous approval of the organizational budget.",0.1,calibration_draft
pta_sage_intacct_acc03,prod_sage_intacct,rel_sage_intacct_20241203,13-2011.00,pilot-1.0,ACC-03,scope-pilot-1.0,US,2026-08-19,"Sage Intacct (U.S.) with generally available Sage Copilot Variance Analysis and configured proactive variance notifications, as of 2026-08-19",vendor_explicit_task,bounded_substantive,"Continuous budget-versus-actual monitoring over connected Sage Intacct data with configured dimensions and recipients, including driver explanations and proactive variance notifications; excludes setting the underlying budget and selecting, approving, or implementing the corrective business response.",mixed,Finance professional or business manager,4,4,2,4,"Supported case: continuous budget-versus-actual variance monitoring over connected Sage Intacct data with configured recipients. Sage Copilot monitors the ledger, identifies discrepancies and trends, explains variance drivers, and proactively distributes graphs and plain-language notifications without per-instance approval. Decide is 2 because the product flags matters and suggests next steps while budget owners and finance leaders choose the response. The 4s do not establish autonomous selection of budgets, forecasts, or corrective business actions.",0.1,calibration_draft
pta_tr_onesource_indirect_tax_acc04,prod_tr_onesource_indirect_tax,rel_tr_onesource_indirect_tax_20241031,13-2011.00,pilot-1.0,ACC-04,scope-pilot-1.0,US,2026-08-19,"ONESOURCE Sales & Use Tax powered by CoCounsel (U.S.) with connected source systems, touchless compliance through signature-ready returns, and required final human review/signoff, as of 2026-08-19",vendor_explicit_task,bounded_substantive,"Recurring U.S. sales-and-use-tax return preparation from configured upstream systems through validation, reconciliation, exception handling, signature-ready return generation, and filing after required final review and signoff; excludes other tax types, unsupported jurisdictions, and cases outside the configured rules and feeds.",occupation_worker_tool,Tax professional,4,3,3,3,"Supported case: recurring U.S. sales-and-use-tax return preparation from configured upstream systems. The product moves source data into returns without routine intervention until final review, supporting Acquire=4. It validates and reconciles data, classifies exceptions, proposes fixes, computes return content and prepares signature-ready returns, but human-in-the-loop controls require users to review, accept or override changes and sign off before filing. Therefore Interpret, Decide and Act are 3, not 4. This is indirect-tax compliance, not all individual or corporate tax work.",0.1,calibration_draft
pta_avalara_tax_research_acc04,prod_avalara_tax_research,rel_avalara_tax_research_20250709,13-2011.00,pilot-1.0,ACC-04,scope-pilot-1.0,US,2026-08-19,"Avalara Tax Research with Avi for Tax Research in the Avalara Portal, using current U.S. state and local sales/use-tax content and cited answers, as of 2026-08-19",vendor_explicit_task,narrow_fragment,"A well-specified U.S. state or local sales-and-use-tax question within Avalara's covered content, such as taxability, rate, exemption, or classification, for which the user supplies the relevant transaction and taxpayer facts; excludes return preparation, payment, filing, and unsupported tax domains.",occupation_worker_tool,Tax professional,2,4,4,1,"Supported case: a well-specified U.S. sales/use-tax taxability, rate, exemption, or classification question within Avalara's covered content. Acquire is 2 because Avi obtains current legal/rate content but the user must supply the taxpayer and transaction facts. Interpret and Decide are 4 for the bounded research endpoint because Avi immediately returns a plain-language, cited, often yes/no taxability answer through a self-service workflow with no pre-answer reviewer gate. Act is 1 because the product can export/share research support but is standalone and does not prepare or file the return or execute the tax position.",0.1,calibration_draft
pta_radai_omni_reporting_rad01,prod_radai_omni_reporting,rel_radai_omni_reporting_20230822,29-1224.00,pilot-1.0,RAD-01,scope-pilot-1.0,US,2026-08-19,"Rad AI Omni Reporting / current Rad AI Reporting workflow: radiologist-dictated findings and clinical indication, personalized templates, guideline insertion, complete report generation, radiologist review and signature",vendor_explicit_task,bounded_substantive,Modality: diagnostic imaging reports handled through the connected PACS/RIS/EHR workflow; the cited documentation does not limit the feature to a named modality. Population: patients whose examinations are interpreted and dictated by a radiologist; no age or disease restriction is stated in the cited workflow. Jurisdiction: United States. Bounded configuration/case: current Rad AI Reporting after a radiologist has supplied the clinical indication and dictated the substantive image findings; the ratings do not cover independent image interpretation or undictated cases.,occupation_worker_tool,Radiologist,0,2,2,3,"The documented workflow begins after the radiologist has obtained the case context and interpreted the images: the radiologist dictates findings and the product builds a comprehensive report in the radiologist's style. That is no meaningful Acquire contribution to the frozen RAD-01 input-gathering stage. Generating an impression, catching report inconsistencies, and inserting guideline recommendations are substantial Interpret and Decide contributions, but the radiologist supplies the image findings and retains final clinical judgment. The product prepares a complete report, while routine review and signature remain explicit, supporting Act 3 rather than 4.",0.1,calibration_draft
pta_gehc_sonic_dl_rad01,prod_gehc_sonic_dl,rel_gehc_sonic_dl_20230605,29-1224.00,pilot-1.0,RAD-01,scope-pilot-1.0,US,2026-08-19,"Sonic DL current U.S. configuration under K243667: Sonic DL Cine plus Sonic DL 3D on compatible GE HealthCare 1.5T, 3.0T, and 7.0T MR systems",vendor_explicit_task,narrow_fragment,"Modality: MRI, specifically accelerated 2D cardiac cine and 3D Cartesian acquisitions across anatomies on compatible GE HealthCare 1.5T, 3.0T, and 7.0T MR systems. Population: patients eligible for those supported MR examinations; the cited clearance does not establish a narrower age or diagnosis group. Jurisdiction: United States. Bounded configuration/case: the current K243667 Sonic DL Cine plus Sonic DL 3D reconstruction configuration; ratings cover accelerated acquisition/reconstruction only, not patient setup, protocol selection, diagnostic interpretation, or reporting.",embedded_service,MRI technologist and radiologist,2,0,0,2,"Sonic DL materially performs the accelerated MR data-acquisition/reconstruction component and produces diagnostic-quality images, but clinical staff still obtain the clinical context, prepare and position the patient, select the examination and protocol, and complete the broader examination. Its cleared function is image reconstruction, not image interpretation, diagnosis, follow-up selection, or reporting. It therefore receives 2 for the substantial acquisition and examination-execution components, and 0 for Interpret and Decide.",0.1,calibration_draft
pta_rapidai_ncct_stroke_rad01,prod_rapidai_ncct_stroke,rel_rapidai_ncct_stroke_20231127,29-1224.00,pilot-1.0,RAD-01,scope-pilot-1.0,US,2026-08-19,Rapid NCCT Stroke integrated Rapid Platform configuration under K222884 for adult noncontrast head CT ICH and ICA/MCA-M1 LVO triage,vendor_explicit_task,bounded_substantive,"Modality: completed adult noncontrast head CT. Population: adults evaluated for suspected intracranial hemorrhage or internal-carotid/middle-cerebral-artery M1 large-vessel occlusion within the cleared indication. Jurisdiction: United States. Bounded configuration/case: Rapid NCCT Stroke under K222884 operating as an automated suspected-positive triage and priority-notification layer after image acquisition; ratings do not cover primary diagnosis, exclusion of disease, treatment selection, or final reporting.",employer_deployed_automation,Radiologist and acute-stroke care team,1,1,1,2,"The platform automatically receives the completed NCCT study, de-identifies it when needed, analyzes it, and sends a suspected-positive priority notification, which is a limited Acquire contribution and a bounded automated action. Its output is explicitly informational triage only, is not a primary diagnosis, cannot rule out LVO, and runs in parallel with standard-of-care full-image review. It therefore supplies narrow Interpret and Decide cues rather than a complete clinical interpretation or decision. Automatic notification is a meaningful bounded Act contribution, but it does not finalize or communicate the diagnostic report.",0.1,calibration_draft
pta_qureai_qct_ln_quant_rad01,prod_qureai_qct_ln_quant,rel_qureai_qct_ln_quant_20240822,29-1224.00,pilot-1.0,RAD-01,scope-pilot-1.0,US,2026-08-19,"qCT LN Quant K240740 cloud/PACS or web configuration for user-detected solid pulmonary nodules at least 6 mm, including semiautomatic segmentation, quantitative tracking, risk calculators, and guideline outputs",vendor_explicit_task,bounded_substantive,"Modality: chest CT submitted through the supported cloud/PACS or web workflow. Population: patients with a user-detected solid pulmonary nodule at least 6 mm for which the cleared quantitative and longitudinal tools apply; no additional age restriction is asserted here beyond the cited label. Jurisdiction: United States. Bounded configuration/case: qCT LN Quant under K240740 after a user selects the nodule and supplies required variables, including semiautomatic segmentation, measurement and tracking, risk calculations, and guideline outputs; ratings do not cover independent nodule detection, diagnosis, or final management.",occupation_worker_tool,Radiologist,1,2,2,2,"qCT automatically receives selected CT data and can compare studies, but the user identifies the nodule, places seed points, supplies clinical variables, and verifies/corrects segmentation. It performs substantial quantitative characterization, longitudinal tracking, risk calculation, and guideline-based recommendation support, while its FDA label explicitly says it is not for diagnosis and cannot replace physician evaluation. It returns overlays and reporting outputs to the workflow, but a clinician must complete and release the diagnostic report and any treatment/transfer action.",0.1,calibration_draft
pta_gleamer_boneage_rad01,prod_gleamer_boneage,rel_gleamer_boneage_2023,29-1224.00,pilot-1.0,RAD-01,scope-pilot-1.0,EU,2026-08-19,"Gleamer BoneAge for frontal hand radiographs in patients aged 3-18, with automated Greulich & Pyle bone-age assessment, predicted adult height, native-image results, and radiologist review/accept/reject workflow",vendor_explicit_task,narrow_fragment,"Modality: frontal hand radiograph. Population: patients aged 3 through 18 within the documented BoneAge workflow. Jurisdiction: European Union for this assessment row; U.S. availability is not inferred from the cited localized product page. Bounded configuration/case: Gleamer BoneAge automated Greulich-and-Pyle bone-age assessment and predicted-adult-height output from an already acquired image, followed by radiologist review, acceptance, or rejection; ratings do not cover image acquisition or a complete diagnostic report.",occupation_worker_tool,Radiologist,0,3,1,1,"The documented configuration begins with an already acquired frontal hand X-ray and does not acquire the patient history or examination. For its supported pediatric bone-age cases, it produces the complete bone-age assessment and adult-height estimate, but the radiologist routinely reviews, accepts, or rejects the result, supporting Interpret 3. It does not choose the broader final assessment, follow-up, additional examination, or urgency; it provides limited decision cues and a displayed result rather than the final report and communication.",0.1,calibration_draft
pta_gleamer_bonemetrics_rad01,prod_gleamer_bonemetrics,rel_gleamer_bonemetrics_2023,29-1224.00,pilot-1.0,RAD-01,scope-pilot-1.0,EU,2026-08-19,"Gleamer BoneMetrics for AP, PA, and lateral X-ray/EOS examinations in patients older than 15, with more than 50 automated MSK measurements, reference values, native-image overlays, and radiologist review/accept/reject workflow",vendor_explicit_task,bounded_substantive,"Modality: supported AP, PA, and lateral X-ray or EOS musculoskeletal examinations. Population: patients older than 15 within the documented BoneMetrics workflow. Jurisdiction: European Union. Bounded configuration/case: current BoneMetrics automation of its catalog of more than 50 measurements, reference-value comparison, and native-image overlays on an already acquired supported examination with radiologist review/acceptance/rejection; ratings do not extend to unsupported anatomy, image acquisition, complete diagnosis, or final reporting.",occupation_worker_tool,Radiologist,0,2,1,1,"BoneMetrics begins with an acquired X-ray and does not obtain the broader RAD-01 input set. It automates more than 50 musculoskeletal measurements and supplies condition-relevant findings and thresholds, which is substantial but still a partial interpretation rather than a complete image-based diagnosis. Reference values and abnormality cues assist decisions, while the clinician retains the diagnosis and management choice. Results appear as overlays/secondary outputs for review, not as a finalized and communicated radiology report.",0.1,calibration_draft
pta_nuance_powerscribe_smart_impression_rad01,prod_nuance_powerscribe_smart_impression,rel_nuance_powerscribe_smart_impression_20231128,29-1224.00,pilot-1.0,RAD-01,scope-pilot-1.0,US,2026-08-19,"PowerScribe One Smart Impression with Automatic Smart Impression enabled: generative-AI draft of the Impression section from report dictation/clinical content, with recommendations and mandatory user review",vendor_explicit_task,bounded_substantive,"Modality: not image-modality-specific because Smart Impression operates on radiologist-created report text rather than pixels. Population: patients represented in reports processed by a supported PowerScribe One installation; no age or disease restriction is stated in the cited support documentation. Jurisdiction: United States. Bounded configuration/case: Automatic Smart Impression enabled, drafting the Impression section from clinical content already dictated or entered by the radiologist, with mandatory user review/editing; ratings do not cover acquiring case inputs, interpreting images, or autonomously finalizing the full report.",occupation_worker_tool,Radiologist,0,2,2,2,"Smart Impression operates on report content already created by the radiologist and therefore does not acquire RAD-01 case inputs. It provides substantial synthesis by drafting the impression and recommendations, but it does not analyze pixels and the radiologist supplies the body findings and final clinical judgment. Because it drafts only the Impression section—not the complete report or released communication—and Microsoft explicitly instructs the user to review and edit it, Act is 2 rather than 3.",0.1,calibration_draft
pta_philips_smartspeed_precise_rad01,prod_philips_smartspeed_precise,rel_philips_smartspeed_precise_20250226,29-1224.00,pilot-1.0,RAD-01,scope-pilot-1.0,US,2026-08-19,"SmartSpeed Precise in Philips MR software R12.3 on supported U.S. 1.5T/3.0T systems, with optional Dual-AI reconstruction, operator selection, and adjustable noise reduction",vendor_explicit_task,bounded_substantive,"Modality: MRI on supported Philips 1.5T and 3.0T systems using the cleared SmartSpeed Precise option. Population: patients eligible for supported MR examinations; the cited clearance does not establish a narrower age or diagnostic population. Jurisdiction: United States. Bounded configuration/case: Philips MR software R12.3 with optional Dual-AI reconstruction and operator-selected noise reduction; ratings cover accelerated acquisition/image reconstruction only, not patient preparation, diagnostic interpretation, clinical decisions, or final reporting.",embedded_service,MRI technologist and radiologist,2,0,0,2,"SmartSpeed Precise materially accelerates MR scanning and reconstructs sharper images, but staff select the option and noise-reduction level, prepare and position the patient, and obtain the other clinical inputs. FDA documentation explicitly assigns interpretation to trained physicians and describes no diagnostic or management decision function. The software therefore receives 2 for the substantial image-acquisition/reconstruction and examination-execution portions, but 0 for Interpret and Decide.",0.1,calibration_draft
pta_gehc_clarify_dl_rad03,prod_gehc_clarify_dl,rel_gehc_clarify_dl_20241205,29-1224.00,pilot-1.0,RAD-03,scope-pilot-1.0,US,2026-08-19,"Clarify DL bone-SPECT deep-learning image reconstruction on Xeleris V / compatible GE nuclear-medicine systems; existing EU assessment, with a separately supportable U.S. configuration after K241350 and May 2025 availability",vendor_explicit_task,narrow_fragment,"Modality: bone SPECT acquired on compatible GE HealthCare nuclear-medicine systems and reconstructed through Xeleris V within the K241350 configuration. Population: patients undergoing a supported bone-SPECT examination; the cited clearance does not establish a narrower age or disease subgroup. Jurisdiction: United States, based on FDA clearance and current U.S. availability evidence; the earlier qualifying release remains EU provenance rather than the jurisdiction of this assessment. Bounded configuration/case: current Clarify DL deep-learning reconstruction and noise reduction of already acquired bone-SPECT data; ratings do not cover patient/history acquisition, appropriateness assessment, diagnosis, radionuclide or dose selection, administration, or final reporting.",embedded_service,Nuclear-medicine technologist and interpreting physician,0,1,0,1,"Clarify DL operates on already acquired bone-SPECT data and is expressly limited to noise reduction and image-quality improvement. It does not obtain the RAD-03 history, radionuclide options, tests, instrument checks, or patient status; it does not assess appropriateness or make a diagnosis; and it does not select a radionuclide, dosage, or treatment plan. Its clearer reconstruction is a limited Interpret contribution and a narrow technical-execution Act contribution. The existing EU row is supportable; current official evidence also supports adding a parallel U.S. row rather than silently converting the jurisdiction.",0.1,calibration_draft
pta_mim_sureplan_mrt_rad03,prod_mim_sureplan_mrt,rel_mim_sureplan_mrt_20241003,29-1224.00,pilot-1.0,RAD-03,scope-pilot-1.0,US,2026-08-19,"MIM SurePlan MRT current U.S. configuration with zero-click SPECT reconstruction, Contour ProtegeAI+ segmentation, curve fitting/integration, Monte Carlo dose calculation, and integrated reporting tools",vendor_explicit_task,bounded_substantive,"Modality: SPECT imaging datasets used for molecular-radiotherapy dosimetry within supported SurePlan MRT workflows. Population: patients receiving or being evaluated through a supported molecular-radiotherapy dosimetry workflow; no broader patient group is inferred. Jurisdiction: United States. Bounded configuration/case: current SurePlan MRT including zero-click reconstruction, Contour ProtegeAI+ segmentation, curve fitting/integration, K232862 Monte Carlo absorbed-dose calculation, user review, and integrated reporting tools; ratings do not cover choosing the radionuclide or prescribed activity, verifying all materials/instruments, or administering therapy.",occupation_worker_tool,"Nuclear-medicine physician, radiologist, or dosimetry professional",1,2,1,2,"SurePlan automatically receives imaging datasets and starts reconstruction, but does not obtain the broader patient history, laboratory results, radionuclide options, material status, or live patient state. It performs substantial reconstruction, segmentation, time-activity fitting, and absorbed-dose calculation, while users review the doses. The documentation does not show the product selecting the radionuclide, prescribed activity, or final treatment plan; it supplies decision information rather than making that decision. It automates substantial digital preparation and reporting, but clinicians still prescribe, verify materials/instruments, direct administration, and administer the radioisotope.",0.1,calibration_draft
pta_cydar_maps_rad02,prod_cydar_maps,rel_cydar_maps_20250409,29-1224.00,pilot-1.0,RAD-02,scope-pilot-1.0,US,2026-08-19,"Cydar EV Maps v6.0 endovascular workflow with AI CT segmentation, clinician-created preoperative maps, live fluoroscopy overlay, clinician-updated deformation map, and postoperative review",demonstrated_task_match,bounded_substantive,"Modality: preoperative CT combined with intraoperative fluoroscopy for supported image-guided endovascular procedures. Population: patients undergoing those endovascular procedures; FDA documentation includes interventional radiologists among intended clinical users. Jurisdiction: United States. Bounded configuration/case: Cydar EV Maps v6.0 for AI CT segmentation, clinician-created 3D planning, live overlay, clinician-updated deformation mapping, and postoperative review; ratings do not cover autonomous procedure selection, device control, clinical interpretation, or performance of the intervention.",occupation_worker_tool,Endovascular physician and procedural team,2,2,2,2,"Cydar imports preoperative CT, automatically segments relevant vascular anatomy, and uses live fluoroscopy during the procedure, which is a substantial subset of RAD-02 Acquire. It provides measurements, a 3D map, overlays, and deformation-aware guidance, while the IFU requires clinicians to verify patient identity, judge anatomy and map validity, edit segmentations, build the operative plan, and manually update the map. The physician selects the approach and performs the endovascular procedure; the system executes bounded digital planning/guidance and postoperative review. The prior occupation-transfer concern is materially reduced because FDA documentation explicitly lists interventional radiologists among target clinical users, although many public examples feature vascular surgeons.",0.1,calibration_draft
pta_mendaera_focalist_rad02,prod_mendaera_focalist,rel_mendaera_focalist_20250911,29-1224.00,pilot-1.0,RAD-02,scope-pilot-1.0,US,2026-08-19,"Focalist / Mendaera Guidance System K250524 limited U.S. release: compatible live 2D ultrasound, touchscreen target/guide selection, handheld robot establishing and maintaining trajectory, automatic trajectory overlay, and depth tracking",demonstrated_task_match,narrow_fragment,"Modality: compatible live 2D ultrasound for supported percutaneous needle procedures. Population: patients undergoing supported ultrasound-guided needle access; the documented initial clinical deployment is urology rather than interventional radiology. Jurisdiction: United States. Bounded configuration/case: Focalist/Mendaera Guidance System under K250524 in limited U.S. release, where the clinician selects the target and guide angle, the robot establishes and maintains a trajectory and displays the overlay/depth, and the user manually advances the needle; application to RAD-02 remains an occupation-transfer assessment and does not imply autonomous risk assessment, plan selection, needle advancement, or complication management.",occupation_worker_tool,Procedural physician,1,1,1,2,"Focalist displays live ultrasound and tracks the instrument, but the clinician obtains the patient and procedure context, positions the probe, identifies the target, and monitors anatomy. It translates the clinician's selected target/guide angle into a maintained trajectory and visual cues; it does not independently assess indication, risk, complication, or select the procedure plan. The robot performs a substantial bounded physical guidance/positioning function, but FDA documentation clarifies that the user manually advances the needle. The initial documented deployment is urology, so the RAD-02 mapping remains a functional occupation-transfer assessment rather than a demonstrated interventional-radiologist deployment.",0.1,needs_adjudication
pta_github_copilot_swd01,prod_github_copilot,rel_github_copilot_20250925,15-1252.00,pilot-1.0,SWD-01,scope-pilot-1.0,US,2026-08-19,"GitHub Copilot coding agent in GitHub: user-assigned issue, GitHub-hosted isolated environment, repository tools and Actions as allowed, draft pull-request workflow; no assumed auto-merge or production deployment.",vendor_explicit_task,bounded_substantive,"Well-scoped GitHub issue with goal and acceptance constraints, supported repository/language, isolated agent environment, and complete code/test/documentation change through draft pull request; production deployment and post-deployment operations excluded.",occupation_worker_tool,Software developer or repository maintainer,4,4,4,3,"For the supported issue-to-pull-request case, Copilot independently researches the repository, plans the change, edits code, runs tests/linters, and prepares the complete change after the user supplies the goal and reusable acceptance constraints. Supplying that goal does not prevent 4. Acquire, Interpret, and Decide therefore have no routine pre-effect human gate and are 4. GitHub deliberately ends the workflow at a draft pull request that the agent cannot approve or merge; the completed change is routinely reviewed/released by a human, so Act is 3. These scores are bounded to the documented issue-to-PR configuration and do not imply autonomous production operations.",0.1,calibration_draft
pta_anthropic_claude_code_swd01,prod_anthropic_claude_code,rel_anthropic_claude_code_20250224,15-1252.00,pilot-1.0,SWD-01,scope-pilot-1.0,US,2026-08-19,"Claude Code CLI in non-interactive print mode with repository, shell, edit, test, Git, and repository-defined deployment tools/credentials; permission prompts bypassed in a trusted isolated runner via --dangerously-skip-permissions.",vendor_explicit_task,bounded_substantive,Well-specified software change in a repository whose build/test/deployment commands and credentials are available to Claude Code in a trusted unattended runner; unresolved stakeholder negotiation and unsupported external systems excluded.,occupation_worker_tool,Software developer,4,4,4,4,"In the assessed unattended configuration, Claude Code can explore the repository, plan and implement a supported change, run tests and shell/CI or infrastructure commands, commit, and invoke an available deployment workflow without routine permission prompts. A human may supply the goal, repository access, credentials, and reusable constraints without lowering the score. The official non-interactive and bypass-permissions controls establish no routine pre-effect human gate for the supported case, so all four stages are 4. The result is configuration-specific: ordinary default permission mode or an organization-required review/merge step would produce lower product-design scores.",0.1,calibration_draft
pta_openai_codex_swd01,prod_openai_codex,rel_openai_codex_20250516,15-1252.00,pilot-1.0,SWD-01,scope-pilot-1.0,US,2026-08-19,"OpenAI Codex CLI codex exec in a trusted isolated runner with repository, terminal, tests, documentation, and repository-defined deployment tools/credentials; sandbox_mode=danger-full-access and approval_policy=never.",vendor_explicit_task,bounded_substantive,Well-specified software change in a repository whose build/test/deployment commands and credentials are available to Codex in a trusted unattended runner; unresolved stakeholder negotiation and unsupported external systems excluded.,occupation_worker_tool,Software developer,4,4,4,4,"Codex exec is explicitly designed for scripted or CI-style runs that finish without human interaction. With danger-full-access, approval_policy=never, and the repository's test/deployment tools and credentials available, Codex can inspect context, plan, edit/test, and commit or deploy a supported change without a routine substantive pre-effect human gate. Human goal-setting, access, credentials, and reusable constraints are permissible setup. All four stages are therefore 4 for this exact configuration; ordinary sandbox/approval settings or a mandatory organizational merge/release rule require a separate lower-rated row.",0.1,calibration_draft
pta_google_jules_swd01,prod_google_jules,rel_google_jules_20241211,15-1252.00,pilot-1.0,SWD-01,scope-pilot-1.0,US,2026-08-19,"Jules REST API session connected to a GitHub repository, requirePlanApproval omitted (plans auto-approved), automationMode=AUTO_CREATE_PR; no assumed PR merge, production deployment, or operations integration.",vendor_explicit_task,bounded_substantive,"Supported bug, feature, test, dependency, or documentation change in a connected GitHub repository, from task prompt through automatically created pull request; merge/deployment and production operations excluded.",occupation_worker_tool,Software developer or repository maintainer,4,4,4,3,"For the supported repository task, Jules clones the repository, installs dependencies, analyzes the code, creates and executes a plan, changes and tests the code, and automatically creates a pull request. In the assessed API configuration, plans are auto-approved because requirePlanApproval is omitted. A human supplying the task goal and repository is permissible setup, so Acquire, Interpret, and Decide are 4. AUTO_CREATE_PR stops at a pull request rather than merging/releasing it; that routine human release gate makes Act 3. The scores are bounded to repository changes supported by Jules, not autonomous production operations.",0.1,calibration_draft
pta_aws_amazon_q_developer_swd01,prod_aws_amazon_q_developer,rel_aws_amazon_q_developer_20231128,15-1252.00,pilot-1.0,SWD-01,scope-pilot-1.0,US,2026-08-19,"Amazon Q Developer for GitHub preview: development agent invoked from a GitHub issue by feature-development label or /q dev, plus documented code-review functions; resulting pull request is reviewed/merged by a human; no assumed production deployment authority.",vendor_explicit_task,bounded_substantive,"Supported GitHub issue for a feature or bug fix in an authorized repository, from issue/repository analysis through implemented/tested pull request; merge/deployment and production operations excluded.",occupation_worker_tool,Software developer or cloud engineer,4,4,4,3,"For a supported GitHub issue, Amazon Q's development agent reads the issue/repository, forms an implementation plan, implements and tests the change, and creates a pull request; the code-review agent can analyze quality/security automatically. User-supplied goal and repository access are allowed setup. No routine gate is documented before repository acquisition, interpretation, or the agent's implementation decisions, so those stages are 4. The product's documented endpoint is a pull request that must be accepted/merged before effect, making Act 3. This does not imply autonomous production deployment beyond the GitHub task.",0.1,calibration_draft
pta_replit_agent_swd01,prod_replit_agent,rel_replit_agent_202409,15-1252.00,pilot-1.0,SWD-01,scope-pilot-1.0,US,2026-08-19,"Replit Agent through the ChatGPT integration, one Replit App per conversation, natural-language create/update workflow, automatic generation and deployment/publishing, Plan mode not invoked.",vendor_explicit_task,broad_task,"One supported Replit-hosted app created or updated from a natural-language goal and optional files in a direct non-Plan-mode ChatGPT conversation, through automatic deployment/publishing; unsupported external infrastructure and long-term human organization processes excluded.",occupation_worker_tool,Software developer or application builder,4,4,4,4,"For a supported Replit App, the user supplies the goal and optional files, then Agent determines the setup, generates the functioning app, and deploys/publishes it automatically. Human goal-setting and reusable constraints do not prevent 4, and the direct ChatGPT integration documents no routine plan, interpretation, decision, or release gate. All four stages are therefore 4 for this one-app, Replit-hosted configuration. Plan mode is a materially different configuration with an approval gate and should be represented separately rather than averaged into this row.",0.1,calibration_draft
pta_hp_siteprint_can47203101,prod_hp_siteprint,rel_hp_siteprint_20230719,47-2031.00,pilot-1.0,CAN-47-2031-01,scope-pilot-1.0,US,2026-08-19,"HP SitePrint layout robot with supported CAD layout file, robotic total station, required control points, HP SitePrint cloud/tablet workflow, operator-selected print area and ink; operator maintains line of sight and handles setup, consumables, obstacles, and exceptions.",vendor_explicit_task,narrow_fragment,"Printing a pre-coordinated supported 2D CAD construction layout onto a prepared jobsite floor using established control points and robotic total station, with one trained operator; estimating, purchasing, staffing, scheduling, and non-layout planning excluded.",employer_deployed_automation,Layout operator or field coordinator,2,3,3,3,"Inside the supported CAD-to-floor layout case, humans materially prepare the CAD/control-point/total-station inputs, so Acquire is 2. SitePrint then completes coordinate registration/translation, local print-path and obstacle decisions, and physical printing, but a trained operator routinely selects the print area/ink, maintains line of sight, initiates work, services consumables, and handles obstacles. Interpret, Decide, and Act are therefore complete for the bounded case with routine technical supervision (3), not 4. The product remains bounded_substantive coverage of CAN-01; estimating, procurement, staffing, and scheduling are outside the case rather than reasons to lower these autonomy ratings.",0.1,calibration_draft
pta_dusty_fieldprint_platform_can47203101,prod_dusty_fieldprint_platform,rel_dusty_fieldprint_platform_20241010,47-2031.00,pilot-1.0,CAN-47-2031-01,scope-pilot-1.0,US,2026-08-19,"Dusty FieldPrint Platform with FP2 FieldPrinter, Portal-published coordinated BIM/CAD print file, total-station stationing/verification, iPad operator controls, and AI obstacle avoidance; one trained operator selects and runs the print.",vendor_explicit_task,narrow_fragment,"Printing a coordinated, Portal-published multi-trade BIM/CAD floor layout on a prepared supported jobsite using stationing/verification and one trained operator; estimating, procurement, staffing, scheduling, and non-layout planning excluded.",employer_deployed_automation,"Layout operator, carpenter, or field coordinator",2,3,3,3,"Inside the supported coordinated-model-to-floor layout case, trades/coordinators materially prepare and publish the model and an operator stations/verifies the system, so Acquire is 2. FieldPrint then completes model-to-site translation, route/obstacle/print decisions, and the physical multi-trade layout, but one operator routinely selects, starts, verifies, and supervises the run. Interpret, Decide, and Act are therefore 3. The non-layout planning endpoints remain outside this bounded_substantive case and are recorded as coverage limits, not autonomy penalties.",0.1,calibration_draft
pta_dusty_fieldprint_platform_can47203102,prod_dusty_fieldprint_platform,rel_dusty_fieldprint_platform_20241010,47-2031.00,pilot-1.0,CAN-47-2031-02,scope-pilot-1.0,US,2026-08-19,"Dusty FieldPrint Platform with FP2 FieldPrinter, Portal-published coordinated BIM/CAD print file, total-station stationing/verification, iPad operator controls, and AI obstacle avoidance; assessment is against CAN-02 permanent-component fabrication/installation, not CAN-01 planning.",demonstrated_task_match,narrow_fragment,"Printing coordinated dimensional/reference lines for a supported permanent-component installation on a prepared workface, with stationing/verification and one trained operator; physical fabrication, fastening, installation, inspection, repair, and replacement excluded and retained as narrow_fragment coverage.",employer_deployed_automation,"Layout operator, carpenter, or field coordinator",2,3,3,3,"This mapping is intentionally narrow_fragment coverage: the supported case is only the dimensional/reference-marking work episode that precedes component installation. Within that case, humans materially prepare/publish the coordinated model and station/verify the robot, so Acquire is 2. FieldPrint completes model-to-workface interpretation, local execution decisions, and physical marking with one operator routinely supervising, so Interpret, Decide, and Act are 3. Fabrication/installation is outside supported_case_scope and must remain visible in coverage rather than being used to lower autonomy inside the marking case.",0.1,calibration_draft
pta_canvas_1200cx_can47203104,prod_canvas_1200cx,rel_canvas_1200cx_20240710,47-2031.00,pilot-1.0,CAN-47-2031-04,scope-pilot-1.0,US,2026-08-19,"Canvas 1200CX worker-controlled drywall-finishing robot, Level 4/Level 5 supported interior drywall surfaces within 12-foot reach, self-drive/auto-position, robotic compound application and sanding, human setup, material preparation, operation, corner/complex work, and acceptance/rework.",vendor_explicit_task,bounded_substantive,"Robotic compound-application and sanding passes for supported Level 4/Level 5 interior drywall surfaces within 12-foot reach after required board/tape/corner/substrate preparation, with one trained operator; unsupported geometries, other finishes, and prep/repair excluded.",occupation_worker_tool,Drywall finisher or robot operator,2,3,3,3,"For the supported compound-application/sanding pass, the crew materially supplies prepared surfaces, material, target finish, and operator setup, so Acquire is 2. The 1200CX then completes surface-aligned robotic finishing decisions and the spray/sand action, but it is explicitly worker-controlled and operated/supervised throughout. Interpret, Decide, and Act are therefore 3 rather than 4. Board hanging, taping, corners, complex geometry, other finish types, and later acceptance/rework are outside the supported pass and remain coverage limits rather than autonomy deductions.",0.1,calibration_draft
pta_okibo_eg7_plus_can47203104,prod_okibo_eg7_plus,rel_okibo_eg7_plus_20251209,47-2031.00,pilot-1.0,CAN-47-2031-04,scope-pilot-1.0,US,2026-08-19,"Okibo EG7+ with onboard AI-guided 3D scanning and real-time modeling, battery/onboard pump or dust collector, documented autonomous sanding, painting/coating, and Level 4 drywall finishing up to 24 feet; human supplies job/finish requirements, materials, transport/setup, uncovered prep/finish work, and acceptance/rework.",vendor_explicit_task,bounded_substantive,"Autonomous scan/model and supported sanding, painting/coating, or Level 4 wall-finishing run on reachable interior/high-wall geometry up to 24 feet using onboard power and application/dust equipment; material loading, initial goal/finish selection, transport, rare exceptions, and unsupported prep/finish types excluded.",employer_deployed_automation,Finishing crew or robot operator,4,4,4,4,"Within the supported autonomous wall-finishing run, EG7+ scans and builds its own real-time 3D model, determines navigation/execution, and completes sanding, painting/coating, or Level 4 finishing without external references, site markers, BIM, Wi-Fi, or a routine operator approval/supervision gate. Human goal/finish selection, material loading, transport, and rare exceptions are permissible setup/exception handling. All four stages are therefore 4 for this exact case. Unsupported prep, finish types, and geometries remain bounded_substantive coverage limits. Availability is eligible, but conflicting website pre-order versus national-launch/deployment language remains flagged separately.",0.1,calibration_draft
pta_auar_microfactory_masterbuilder_can47203102,prod_auar_microfactory_masterbuilder,rel_auar_microfactory_masterbuilder_2025q4,47-2031.00,pilot-1.0,CAN-47-2031-02,scope-pilot-1.0,US,2026-08-19,"AUAR MasterBuilder plus MicroFactory service: customer-approved plans/specifications as inputs, automated framing design/quantities/production data, AUAR-operated robotic panel production and quality control, panels delivered for installation by existing framing crews.",independent_deployment_match,bounded_substantive,"After customer onboarding, convert an approved supported house design/specification into code-aligned framing data, take-offs, production sequence, and a MicroFactory-produced install-ready wall/floor/roof panel pack; structural engineering and site installation excluded.",employer_deployed_automation,Design and factory operations team,4,4,IE,3,"After one-time customer onboarding, the supported case begins with an approved house design/specification. MasterBuilder automatically converts that input into code-aligned framing data, quantities/costs, and production-ready data without manual re-detailing, supporting Acquire 4 and Interpret 4 for the bounded case. AUAR documents automated production scheduling and sequencing, but also states that an AUAR operator runs and manages production and quality control; the evidence does not establish whether each production plan is committed without routine operator approval, so Decide is IE. The operator-supervised completion of the install-ready panel pack remains Act 3. Structural engineering and site installation are excluded.",0.1,calibration_draft
pta_procore_ai_can47203101,prod_procore_ai,rel_procore_ai_20241120,47-2031.00,pilot-1.0,CAN-47-2031-01,scope-pilot-1.0,US,2026-08-19,"Current Procore AI experience/Copilot and generally available agents using authorized Procore project data; retrieval may answer directly, while any creation or change is staged as a draft and requires user review/approval before application.",vendor_explicit_task,narrow_fragment,"Retrieve and cross-reference authorized records in a populated Procore project and produce a supported draft RFI, submittal, log, or project-data change for user review; physical layout, estimating, procurement, staffing, and field execution excluded.",mixed,"Project manager, field professional, or trade coordinator",4,3,3,3,"For the supported Procore-record workflow, AI retrieves and cross-references authorized project data without a routine approval gate, so Acquire is 4. It then produces a complete interpretation/recommendation and supported draft RFI, submittal, log, or project-data change, but governing documentation requires the user to review/approve before any change is applied. Interpret, Decide, and Act are therefore 3, not 4. This remains narrow_fragment coverage of CAN-01; physical layout, estimating, procurement, staffing, scheduling, and field execution are outside the case. Governing support documentation controls over broader marketing claims about agents taking action.",0.1,calibration_draft
pta_openspace_bim_plus_can47203101,prod_openspace_bim_plus,rel_openspace_bim_plus_20240201,47-2031.00,pilot-1.0,CAN-47-2031-01,scope-pilot-1.0,US,2026-08-19,"OpenSpace Capture plus BIM+ using a human-worn 360 camera/site walk, uploaded plans and selected start point, AI timestamping/location/alignment/stitching and 3D reconstruction, BIM Compare/progress views; users create notes/RFIs/observations/punch items and make coordination decisions.",vendor_explicit_task,bounded_substantive,"Convert a human-captured 360-degree walk of a supported project with uploaded plan/start point into an automatically mapped, timestamped visual record aligned for BIM/progress comparison; discrepancy decisions and user-authored RFIs/observations excluded.",occupation_worker_tool,Field or VDC professional,2,4,1,4,"In the supported capture-to-mapped-record case, a human must physically carry the 360 camera through the site and select the plan/start point, while AI handles organization; the human contribution makes Acquire 2. OpenSpace then automatically timestamps, locates, stitches/maps the imagery, reconstructs the space, and aligns it for BIM/progress comparison without a routine approval gate, supporting Interpret 4 and Act 4 for creation/presentation of the mapped visual record. The product presents comparison evidence rather than selecting a coordination response, so Decide is 1. User-authored RFIs/observations and broader planning are outside this bounded case.",0.1,calibration_draft
pta_aurora_driver_freight_trk01,prod_aurora_driver_freight,rel_aurora_driver_freight_20250501,53-3032.00,pilot-1.0,TRK-01,scope-pilot-1.0,US,2026-08-19,"Aurora Driver for Freight commercial Level 4 configuration on supported U.S. freight lanes, including Dallas-Houston; no human driving fallback, onboard fallback/minimal-risk behavior, and Aurora command-center supervisory guidance/roadside support; terminal freight handling and carrier operations remain external.",independent_deployment_match,bounded_substantive,"Terminal-to-terminal transport of a released, loaded Class 8 truck on an Aurora-supported mapped U.S. lane and operating conditions, including autonomous fallback/minimal-risk response; loading, securement, coupling, terminal paperwork, unloading, and off-vehicle maintenance excluded.",employer_deployed_automation,Fleet operator and remote operations team,4,4,4,4,"Within the supported terminal-to-terminal transport leg, Aurora Driver continuously acquires multimodal road/vehicle state, interprets it, plans and commits driving behavior, and operates the truck through fallback/minimal-risk behavior without a human driving fallback or routine pre-effect approval. The person moved into the driver's seat at PACCAR's request is expressly an observer and does not operate the truck; command-center guidance is exception support, not remote driving. All four stages are 4 for this mapped-lane ODD. Loading, securement, coupling, paperwork, unloading, and off-vehicle maintenance remain bounded coverage exclusions and do not reduce the transport-leg autonomy scores.",0.1,calibration_draft
pta_kodiak_driver_trk01,prod_kodiak_driver,rel_kodiak_driver_20241218,53-3032.00,pilot-1.0,TRK-01,scope-pilot-1.0,US,2026-08-19,"Kodiak Driver on Atlas Energy Solutions customer-owned heavy trucks in the Permian Basin: geofenced industrial routes from Dune Express/load-out points to wellsites, no person in the cab, remote operations/support, with Atlas load-out/mining/logistics systems outside the Kodiak Driver product boundary.",independent_deployment_match,bounded_substantive,"Driverless transport of a released, fully loaded frac-sand truck on a supported Permian Basin industrial/private route from load-out to wellsite, with Assisted Autonomy available for defined low-speed scenarios and the frequency of remote intervention not established; loading, cargo preparation, unloading, documents, and field service excluded.",employer_deployed_automation,Fleet operator and remote operations team,IE,IE,IE,IE,"Kodiak documents commercial transport with no person in the cab, but that fact does not establish absence of substantive remote human intervention. Official product and SEC materials state that Assisted Autonomy is currently used in Permian operations, allows remote CDL drivers to review sensor feeds and control trucks in defined low-speed scenarios, and that software reduced rather than eliminated remote support. The sources do not establish whether remote intervention is a rare exception or a routine gate for the supported route. Therefore Acquire, Interpret, Decide, and Act are IE pending frequency and workflow evidence; the loading, cargo, documentation, unloading, and field-service exclusions remain coverage limits.",0.1,needs_adjudication
pta_waabi_driver_trk01,prod_waabi_driver,rel_waabi_driver_20230921,53-3032.00,pilot-1.0,TRK-01,scope-pilot-1.0,US,2026-08-19,"Waabi Driver in the externally released Uber Freight Dallas-Houston commercial-load configuration, paired with Uber Freight load matching/orchestration; assessed configuration retains human fleet/terminal functions and does not assume a public-road no-driver configuration absent explicit release evidence.",vendor_explicit_task,bounded_substantive,"Autonomous driving of a released, loaded Class 8 truck on the documented Dallas-Houston Uber Freight commercial lane with an onboard safety driver routinely supervising; load booking, loading/securement, trailer handoff, payment, maintenance, and unloading excluded.",employer_deployed_automation,"Fleet operator, safety operator, and remote support",3,3,3,3,"Inside the documented Dallas-Houston commercial driving leg, Waabi Driver's integrated sensors/compute acquire road state, interpret it, make driving decisions, and operate the truck. However, the externally released public-road configuration was reported with an onboard safety/backup driver routinely supervising and able to take control. The system therefore completes each supported driving stage with routine technical supervision: 3/3/3/3. Later feature-complete claims and a closed-course no-human demonstration do not establish an externally released no-driver public-road configuration by the assessment date. Freight booking, handling, and maintenance are coverage exclusions, not rating deductions.",0.1,calibration_draft
pta_volvo_vnl_autonomous_trk01,prod_volvo_vnl_autonomous,rel_volvo_vnl_autonomous_20241211,53-3032.00,pilot-1.0,TRK-01,scope-pilot-1.0,US,2026-08-19,"Volvo VNL Autonomous powered by the Aurora Driver in the documented DHL Supply Chain Texas deployment on Dallas-Houston and Fort Worth-El Paso lanes, with a safety driver present to monitor and ensure integration; shared Aurora Driver system lineage retained.",vendor_explicit_task,bounded_substantive,"Autonomous driving of a released, loaded Volvo VNL Autonomous on the documented DHL Texas lanes with an onboard safety driver routinely monitoring; terminal cargo work, securement, documents, unloading, and maintenance excluded. Aurora Driver lineage is shared, not independent.",employer_deployed_automation,"Fleet operator, safety driver, and remote support",3,3,3,3,"Within the documented DHL Texas driving leg, the Volvo VNL Autonomous plus Aurora Driver acquires road state, interprets it, makes driving decisions, and operates the truck. Volvo expressly retains a safety driver to monitor performance and ensure operational integration, making routine technical supervision part of all four supported driving stages. The scores are therefore 3/3/3/3, not 4. Cargo/terminal work is outside supported_case_scope. This row shares Aurora Driver lineage and is a distinct supervised Volvo/DHL configuration, not independent autonomy technology evidence.",0.1,calibration_draft
pta_gatik_driver_class7_trk01,prod_gatik_driver_class7,rel_gatik_driver_class7_20230906,53-3032.00,pilot-1.0,TRK-01,scope-pilot-1.0,US,2026-08-19,"Gatik Driver on Class 7 temperature-controlled box trucks in the documented Tyson Foods Northwest Arkansas plant-to-storage deployment, predetermined repeated short-haul routes, 18-hour operation, with an onboard safety driver initially present; do not substitute later generic Gatik driverless deployments for this exact refrigerated configuration.",vendor_explicit_task,bounded_substantive,"Autonomous driving of a released, loaded refrigerated Class 7 box truck on the documented repeated Tyson plant-to-storage routes, with an onboard safety driver routinely supervising in the last explicit configuration; loading, temperature/cargo preparation, documents, unloading, and maintenance excluded.",employer_deployed_automation,"Fleet operator, safety driver, and remote support",3,3,3,3,"Within the documented Tyson plant-to-storage driving leg, Gatik's system acquires the route environment, interprets it, makes driving decisions, and operates the Class 7 truck. The exact launch configuration explicitly retains an onboard safety driver to monitor and take control if required, so each supported stage is complete under routine technical supervision: 3/3/3/3. Loading, refrigerated-cargo preparation, documents, unloading, and maintenance are outside the bounded driving case. Later generic Gatik driverless claims are not silently substituted for this exact configuration.",0.1,calibration_draft
pta_einride_autonomous_faas_trk01,prod_einride_autonomous_faas,rel_einride_autonomous_faas_20231113,53-3032.00,pilot-1.0,TRK-01,scope-pilot-1.0,US,2026-08-19,"Einride autonomous vehicle/Freight Capacity as a Service in the named GE Appliances Selmer, Tennessee deployment: daily unmanned factory-to-warehouse shuttle, TaskWatch dock automation and Slip autonomous loading/unloading as actually integrated, private network, and onsite remote operator monitoring.",independent_deployment_match,bounded_substantive,"Integrated supported GE Appliances Selmer flow in which TaskWatch automates the dock, Slip loads/unloads, and an unmanned Einride vehicle shuttles finished goods factory-to-warehouse on the fixed route, with an onsite remote operator routinely monitoring; upstream production, paperwork, maintenance, and unusual exceptions excluded.",employer_deployed_automation,Fleet operator and remote operations team,3,3,3,3,"Within the named GE Appliances integrated shuttle case, TaskWatch cameras/dock controls, Slip loading/unloading, and the unmanned Einride vehicle together acquire readiness state, interpret it, coordinate/decide machine actions, and complete the factory-to-warehouse flow. The configuration is actually deployed rather than hypothetically assembled. An onsite remote operator routinely monitors the vehicle through the private network, so every supported stage is complete with technical supervision: 3/3/3/3. Upstream production, paperwork, maintenance, and unusual exceptions are outside the case; the scores must not be generalized beyond the fixed Selmer ODD.",0.1,calibration_draft
pta_intuit_turbotax_assist_acc04,prod_intuit_turbotax_assist,rel_intuit_turbotax_assist_20230906,13-2011.00,pilot-1.0,ACC-04,scope-pilot-1.0,US,2026-08-19,"TurboTax Online Do It Yourself for tax year 2025 (U.S.) with Intuit Assist, supported document import/autofill, personalized checklist, deductions/credits analysis and CompleteCheck, as of 2026-08-19",vendor_explicit_task,bounded_substantive,"A supported tax-year-2025 U.S. individual Do It Yourself return using common imported or uploaded documents and TurboTax-supported personal tax situations; excludes entity and business returns, unsupported facts or forms, and Expert Full Service preparation and filing.",customer_self_service,Individual taxpayer,2,3,3,3,"For a supported U.S. individual return, TurboTax imports or reads common documents, carries forward prior data, asks life/tax questions, applies tax rules, searches deductions and credits, calculates the return and runs completeness/error checks. Acquire is 2 because the taxpayer still supplies documents, identity/status and answers. Interpret and Decide are 3 because the software produces a complete proposed tax treatment and calculated outcome for supported cases, but the taxpayer confirms facts, resolves prompts and reviews the result. Act is 3 because TurboTax prepares and checks the complete return, but the taxpayer must pay and explicitly submit/e-file; the DIY configuration does not sign or file without that release gate.",0.1,calibration_draft

